,dates,total,pack,carton,grcy,misc_total,tobacco,beer,main,card
0,2017-03-22,1597.98,356.53,138.89,2.98,750.5,159.28,50.27,-1362.56,852.54
1,2017-03-23,1355.14,319.78,27.99,11.02,670.83,115.21,92.76,-930.31,506.88
2,2017-03-24,1661.57,387.85,81.9,3.67,782.35,150.11,111.5,-1442.03,891.91
3,2017-03-25,1162.8,409.53,0.0,4.47,515.63,91.77,40.52,-940.29,595.48
4,2017-03-27,1732.84,437.7,217.08,16.89,610.32,193.0,107.52,-1409.94,831.28
5,2017-03-28,1659.04,405.4,150.3,4.97,728.73,128.1,97.63,-1333.8,801.34
6,2017-03-29,1784.08,467.4,171.8,25.05,737.33,146.45,81.28,-1346.51,754.49
7,2017-03-30,1431.99,489.07,148.89,9.51,483.1,92.17,85.02,-1102.49,672.46
8,2017-03-31,1476.39,481.96,81.9,15.42,487.54,210.25,70.89,-1246.97,650.14
9,2017-04-01,1764.88,574.46,78.9,12.02,677.11,202.88,58.92,-1311.16,712.85
10,2017-04-03,1274.33,461.54,0.0,16.6,387.44,163.11,129.69,-1056.4,598.11
11,2017-04-04,1909.19,507.0,59.9,15.22,940.11,141.33,72.01,-1428.05,997.28
12,2017-04-05,1633.19,635.02,0.0,15.12,591.32,130.51,112.61,-1388.65,700.99
13,2017-04-06,1340.1,415.31,77.9,7.64,497.43,134.71,85.14,-1108.33,699.14
14,2017-04-07,1739.27,566.49,246.86,25.04,528.94,106.42,106.94,-1423.65,868.64
15,2017-04-08,2309.71,576.79,157.8,8.67,1075.21,201.0,80.22,-1516.64,807.07
16,2017-04-10,1503.21,642.37,59.9,7.54,476.61,101.49,78.5,-1227.26,553.92
17,2017-04-11,1499.96,441.72,0.0,2.18,665.73,188.08,65.74,-1149.1,798.3
18,2017-04-12,1829.73,521.17,23.99,13.41,871.73,226.21,65.1,-1112.89,822.39
19,2017-04-13,1764.49,414.5,203.2,6.35,723.79,194.69,58.55,-1429.66,1009.6
20,2017-04-14,2359.61,695.91,244.9,15.6,867.39,244.75,75.5,-1812.62,1278.33
21,2017-04-15,2086.51,641.38,160.8,17.08,819.98,205.11,52.32,-1674.55,1096.99
22,2017-04-17,1572.49,528.67,129.8,15.74,412.56,198.76,143.82,-1252.61,714.22
23,2017-04-18,2114.63,635.92,162.79,15.06,865.48,157.76,84.32,-1375.38,713.64
24,2017-04-19,1780.51,749.57,166.8,5.47,365.96,218.01,112.71,-1446.28,701.42
25,2017-04-20,2078.1,545.3,165.8,6.16,711.45,326.33,133.95,-1400.01,990.88
26,2017-04-21,2260.74,478.7,239.7,11.7,950.37,181.98,135.28,-1506.23,990.71
27,2017-04-22,2696.86,529.25,245.3,9.96,1142.51,210.16,88.66,-1802.73,1370.39
28,2017-04-24,1949.56,575.89,59.9,27.55,791.45,205.37,112.07,-1280.69,796.2
29,2017-04-25,1914.23,650.52,212.2,20.81,419.47,280.12,156.9,-1567.91,878.63
30,2017-04-26,1598.26,483.86,59.9,13.09,552.88,209.77,132.36,-1321.96,880.23
31,2017-04-27,1624.98,439.35,140.3,13.19,669.89,133.58,80.81,-1121.83,725.5
32,2017-04-28,1892.12,599.16,239.7,11.32,607.2,164.75,97.82,-1369.65,987.71
33,2017-04-29,2354.33,479.58,324.6,22.56,1029.92,177.68,105.78,-1653.81,1199.14
34,2017-05-01,2155.85,540.21,311.69,12.61,806.15,194.54,94.49,-1674.51,1262.27
35,2017-05-02,1641.49,508.36,141.3,13.02,530.42,196.34,101.51,-1078.08,666.25
36,2017-05-03,1697.53,531.14,59.9,18.69,604.45,192.4,133.38,-1155.73,727.85
37,2017-05-04,1720.65,429.77,174.8,22.12,653.11,227.8,57.02,-1313.58,559.47
38,2017-05-05,1793.63,596.96,306.8,12.82,358.32,260.33,94.26,-1318.36,937.04
39,2017-05-06,2566.02,586.44,429.1,20.74,901.76,233.53,160.96,-1981.58,1363.37
40,2017-05-07,1252.25,357.62,19.99,16.54,453.07,209.48,81.66,-863.14,346.61
41,2017-05-08,1706.96,609.77,129.8,12.54,485.63,233.62,74.95,-1426.51,797.2
42,2017-05-09,2004.06,709.1,0.0,24.85,766.33,191.82,127.79,-1228.59,846.69
43,2017-05-10,1870.84,643.38,69.9,30.1,570.88,277.95,109.45,-1297.45,807.16
44,2017-05-11,1660.5,507.24,70.1,39.64,501.46,356.67,123.7,-915.89,643.06
45,2017-05-12,2420.51,686.5,383.5,22.36,929.9,133.2,105.95,-1647.75,1336.63
46,2017-05-13,2003.61,660.58,152.3,31.53,752.51,135.64,89.52,-1315.35,847.0
47,2017-05-14,1816.69,354.15,366.5,11.21,627.93,194.37,143.0,-1211.82,895.78
48,2017-05-15,1850.04,692.55,78.9,23.08,569.65,241.15,77.38,-1335.82,664.29
49,2017-05-16,1952.91,688.99,224.2,27.26,603.91,144.63,87.81,-1349.46,519.73
50,2017-05-17,2223.54,672.6,157.5,41.89,719.19,327.23,92.6,-1500.24,1097.81
51,2017-05-18,1916.78,745.71,216.7,33.7,436.93,194.12,110.85,-1501.13,825.85
52,2017-05-19,2739.72,755.26,231.2,26.05,1159.82,173.76,145.01,-2035.5,1648.7
53,2017-05-20,2112.74,697.39,222.2,73.01,536.89,268.62,122.73,-1561.49,967.44
54,2017-05-21,1299.47,480.0,78.9,18.59,421.33,133.18,39.74,-844.22,493.4
55,2017-05-22,1637.8,625.98,69.9,12.06,342.1,274.21,162.29,-1328.51,933.23
56,2017-05-23,2418.32,743.22,557.9,43.77,490.93,241.2,121.61,-1973.07,1223.45
57,2017-05-24,1848.29,586.17,131.3,31.89,608.98,198.33,124.33,-1255.73,726.38
58,2017-05-25,2310.6,653.91,235.7,25.48,771.96,303.93,109.81,-1505.92,1230.77
59,2017-05-26,2383.88,651.55,352.5,34.12,822.56,175.03,132.28,-1465.02,1184.6
60,2017-05-27,2845.07,988.6,146.8,45.05,998.63,176.94,231.22,-1857.77,1401.84
61,2017-05-28,1363.34,394.5,236.7,29.9,310.06,172.86,95.91,-1046.39,720.91
62,2017-05-29,2413.37,764.39,270.1,46.9,872.28,163.65,76.68,-1443.13,1114.74
63,2017-05-30,1851.88,581.24,148.8,36.42,580.34,242.02,94.86,-1295.73,803.55
64,2017-05-31,1706.04,526.61,253.6,23.9,349.4,315.47,82.05,-1356.03,762.88
65,2017-06-01,2303.21,801.12,81.9,28.0,750.08,304.57,128.96,-1567.88,1118.23
66,2017-06-02,2829.72,799.28,431.9,37.87,900.5,220.76,182.28,-1845.38,1292.61
67,2017-06-03,2266.34,620.36,147.8,21.24,926.84,227.05,117.01,-1299.15,956.63
68,2017-06-04,1845.14,470.86,394.4,22.23,609.06,93.82,86.97,-1425.74,1015.55
69,2017-06-05,2062.99,685.62,119.8,15.24,689.47,242.16,123.17,-1337.9,914.36
70,2017-06-06,1834.03,786.46,160.8,33.51,379.26,193.11,114.07,-1408.58,982.72
71,2017-06-07,1499.15,604.94,0.0,31.91,352.91,230.27,143.99,-939.22,416.18
72,2017-06-08,1730.1,641.16,78.9,47.12,537.17,167.98,101.59,-1227.47,938.79
73,2017-06-09,2418.17,862.2,78.9,35.14,800.87,253.37,168.43,-1701.07,1312.08
74,2017-06-10,2293.81,653.55,592.6,41.32,569.41,162.83,65.99,-1688.55,1292.48
75,2017-06-11,1717.85,419.43,382.5,11.99,397.49,215.87,134.47,-1256.51,816.68
76,2017-06-12,2022.48,627.93,78.9,41.99,763.8,220.29,105.88,-1166.93,768.58
77,2017-06-13,1673.44,486.72,305.6,35.86,433.58,161.83,98.59,-1198.09,730.88
78,2017-06-14,2039.29,740.9,129.8,26.51,433.56,379.45,144.33,-1506.75,848.95
79,2017-06-15,1829.58,669.67,229.2,23.24,501.35,137.67,103.04,-1280.92,959.0
80,2017-06-16,2704.44,655.28,282.6,56.4,1061.41,229.62,174.89,-2075.85,1643.32
81,2017-06-17,2783.17,824.78,0.0,95.44,1162.75,299.85,149.48,-1897.89,1577.23
82,2017-06-18,1263.1,327.73,158.29,41.29,348.18,220.33,52.85,-904.06,578.85
83,2017-06-19,1894.59,610.04,211.2,16.71,627.14,120.99,137.53,-1221.44,832.96
84,2017-06-20,2622.03,962.65,290.1,46.05,636.66,241.98,207.09,-1641.19,1170.32
85,2017-06-21,2269.83,608.88,152.3,10.29,910.82,246.07,134.91,-1399.28,1005.81
86,2017-06-22,2701.19,728.09,179.7,48.03,1146.03,223.51,131.0,-1625.69,1178.27
87,2017-06-23,2784.2,884.54,318.6,40.32,892.35,242.47,153.6,-1730.28,1316.27
88,2017-06-24,2382.97,778.14,455.4,27.77,538.29,157.4,209.28,-1702.8,1254.92
89,2017-06-25,1534.79,652.4,92.9,25.98,317.28,219.0,88.07,-1135.13,578.36
90,2017-06-26,2211.81,792.33,302.8,31.64,476.6,238.79,145.18,-1476.42,1256.94
91,2017-06-27,1916.89,636.18,138.8,11.77,613.2,223.52,119.51,-1167.5,945.27
92,2017-06-28,1821.07,647.69,78.9,33.5,557.52,249.13,88.97,-1137.47,681.62
93,2017-06-29,2168.11,690.75,166.47,316.1,505.84,344.4,144.55,-1179.13,788.45
94,2017-06-30,3072.81,749.22,349.5,62.85,1086.28,329.42,216.2,-2015.54,1668.26
95,2017-07-01,2378.26,685.93,379.5,56.18,653.1,207.99,180.46,-1623.27,1265.9
96,2017-07-02,2043.11,660.56,146.8,12.94,825.5,84.59,127.12,-1174.29,797.14
97,2017-07-03,2430.16,845.05,291.1,48.61,667.39,229.13,143.35,-1628.19,1149.44
98,2017-07-04,1660.47,661.3,59.9,28.88,567.08,131.9,61.04,-971.73,769.57
99,2017-07-05,2698.0,694.83,213.7,28.5,921.63,422.85,174.69,-1617.78,1214.97
100,2017-07-06,1998.03,578.72,374.7,42.41,473.94,254.26,92.28,-1394.88,968.02
101,2017-07-07,2561.48,603.06,318.6,28.01,854.01,363.85,161.24,-1765.08,1452.7
102,2017-07-08,2313.21,759.22,142.8,48.52,819.96,198.88,133.99,-1380.71,823.92
103,2017-07-09,1680.58,419.24,78.9,20.64,305.05,287.51,120.07,-1136.85,997.66
104,2017-07-10,2341.78,787.89,227.7,30.77,717.89,239.64,125.74,-1465.36,1194.14
105,2017-07-11,2020.56,618.87,226.7,29.15,645.38,177.9,139.03,-1271.82,948.9
106,2017-07-12,2716.15,583.7,1185.9,22.74,917.72,263.44,97.52,-1531.33,1097.41
107,2017-07-13,2379.84,655.39,141.38,66.76,835.38,355.78,110.53,-1367.13,1030.22
108,2017-07-14,3033.36,876.93,350.5,48.21,1012.18,208.18,190.39,-1962.9,1596.09
109,2017-07-15,2316.82,678.35,71.4,44.27,925.66,240.11,132.48,-1318.32,1046.6
110,2017-07-16,2359.61,578.46,157.8,42.22,1017.35,257.6,94.48,-1273.75,973.41
111,2017-07-17,2217.88,569.76,217.7,26.68,867.77,196.81,137.68,-1516.04,1212.07
112,2017-07-18,2228.24,633.73,234.8,37.72,770.36,208.71,140.93,-1531.56,1104.84
113,2017-07-19,2237.94,634.77,309.3,43.88,680.97,231.95,94.63,-1337.53,900.29
114,2017-07-20,2093.18,577.57,384.5,37.27,574.29,230.11,115.15,-1222.2,1013.83
115,2017-07-21,2416.34,875.13,220.7,52.51,520.12,443.99,192.57,-1696.67,1371.64
116,2017-07-22,2944.87,975.29,220.2,24.33,1071.6,190.05,195.87,-1810.23,1353.34
117,2017-07-23,1826.25,483.18,78.9,13.62,648.03,300.9,135.74,-1109.53,782.51
118,2017-07-24,2162.14,645.24,152.3,49.78,625.57,338.09,154.74,-1308.13,930.94
119,2017-07-25,2149.16,898.03,261.1,26.22,446.16,193.3,129.32,-1476.09,1053.27
120,2017-07-26,2365.21,782.75,314.6,52.32,706.85,199.85,94.22,-1752.14,1403.47
121,2017-07-27,2229.01,747.42,160.8,47.41,687.34,280.84,117.9,-1537.53,1234.9
122,2017-07-28,2388.31,792.86,287.5,30.31,621.16,261.46,178.28,-1833.95,1335.12
123,2017-07-29,2649.93,961.87,71.4,16.98,1008.37,194.24,155.93,-1648.01,1185.56
124,2017-07-30,2397.3,552.22,455.4,38.47,809.37,186.03,138.29,-1975.97,1432.08
125,2017-07-31,2862.33,815.07,413.8,108.48,733.61,374.22,158.01,-2340.24,1684.55
126,2017-08-01,2237.01,716.79,78.9,36.35,832.25,286.96,120.64,-1531.55,1111.17
127,2017-08-02,2028.1,608.37,70.4,36.45,592.66,372.07,164.06,-1443.88,754.91
128,2017-08-03,2381.12,617.29,315.3,45.73,757.59,297.86,132.34,-1643.64,1183.64
129,2017-08-04,3029.49,839.7,305.6,47.84,1027.89,334.85,198.88,-1999.23,1348.91
130,2017-08-05,2362.69,558.41,148.8,53.22,918.1,373.87,96.61,-1412.8,994.66
131,2017-08-06,2237.26,479.16,208.7,35.35,993.43,224.02,93.53,-1250.58,939.57
132,2017-08-07,2167.82,681.05,452.9,49.92,312.73,304.77,170.06,-1719.9,1059.63
133,2017-08-08,2153.02,638.98,143.8,37.39,706.69,281.03,150.0,-1376.14,968.9
134,2017-08-09,2733.93,870.96,171.8,47.35,1035.11,271.88,88.3,-1711.12,1272.03
135,2017-08-10,2337.02,622.57,277.6,33.38,764.21,306.21,121.27,-1647.01,1218.87
136,2017-08-11,2373.2,879.77,148.3,38.76,651.94,295.06,144.24,-1687.2,1271.18
137,2017-08-12,2442.46,559.28,320.6,46.51,821.55,288.2,184.3,-1641.37,1123.7
138,2017-08-13,2472.88,391.28,160.8,24.48,1280.12,244.41,147.34,-1456.97,1063.76
139,2017-08-14,2432.05,714.22,239.4,21.01,873.97,229.75,127.72,-1702.33,1247.99
140,2017-08-15,2714.53,720.11,157.8,22.0,1142.45,327.02,226.36,-1848.76,1424.5
141,2017-08-16,2311.07,787.79,152.3,26.97,754.88,230.33,148.56,-1510.69,970.78
142,2017-08-17,2575.64,642.35,150.3,28.54,910.2,437.15,167.99,-1696.41,1240.86
143,2017-08-18,2690.88,798.92,360.92,31.8,857.05,218.37,179.94,-1744.53,1315.03
144,2017-08-19,3002.73,734.83,294.1,43.54,1298.53,222.06,134.73,-1703.53,1235.65
145,2017-08-20,2154.1,734.3,78.9,33.03,897.05,144.86,70.08,-1097.43,616.88
146,2017-08-21,1874.92,471.17,119.8,33.45,712.44,295.11,72.43,-1207.69,925.38
147,2017-08-22,2278.24,800.16,78.9,27.8,679.84,340.76,143.52,-1582.05,1146.54
148,2017-08-23,2241.88,701.77,296.1,51.82,547.94,272.48,169.68,-1465.33,895.88
149,2017-08-24,2433.64,782.88,174.8,23.68,713.87,375.11,142.08,-1878.76,1324.42
150,2017-08-25,2282.59,724.86,78.9,36.05,818.57,260.91,156.46,-1384.86,909.07
151,2017-08-26,2422.0,617.7,305.1,49.17,770.6,262.38,197.04,-1551.63,1184.69
152,2017-08-27,1802.26,556.12,149.3,34.23,628.38,236.08,69.36,-1238.82,972.73
153,2017-08-28,2480.26,784.87,288.6,37.98,780.17,215.4,363.46,-1671.99,1271.18
154,2017-08-29,2097.17,690.82,0.0,37.26,826.55,243.62,110.75,-1265.91,757.08
155,2017-08-30,1987.47,609.81,214.7,31.9,686.41,164.07,100.11,-1213.87,995.45
156,2017-08-31,2498.05,818.54,226.7,19.95,770.32,302.1,133.37,-1684.82,1056.76
157,2017-09-01,3262.44,792.07,78.9,23.18,1694.96,275.69,101.53,-1890.07,1310.44
158,2017-09-02,2502.36,707.63,237.2,24.45,881.49,217.11,207.03,-1320.62,875.23
159,2017-09-03,1881.15,642.81,145.3,30.37,632.47,141.28,118.36,-1118.84,865.49
160,2017-09-04,2352.04,545.44,388.0,21.23,718.66,362.54,102.74,-1572.59,1163.74
161,2017-09-05,2760.39,609.37,478.4,39.41,864.8,401.4,116.87,-1764.47,1323.39
162,2017-09-06,1763.42,462.87,0.0,41.64,718.52,235.49,145.03,-971.97,665.03
163,2017-09-07,2595.16,597.92,222.7,42.39,1018.5,343.99,134.68,-1596.64,1229.86
164,2017-09-08,3081.99,766.07,361.5,37.2,1063.36,348.0,226.59,-2168.02,1632.45
165,2017-09-09,2747.21,831.99,148.8,42.32,1015.77,295.43,164.15,-1514.49,1070.02
166,2017-09-10,1258.18,488.19,0.0,23.45,390.13,132.99,109.24,-832.75,597.61
167,2017-09-11,2637.83,690.81,273.1,18.48,1023.27,217.21,175.38,-1597.57,1171.52
168,2017-09-12,2318.59,799.51,73.4,42.02,873.79,279.81,119.52,-1274.65,917.88
169,2017-09-13,2212.25,697.5,71.4,34.73,880.85,223.43,103.3,-1496.3,1145.33
170,2017-09-14,2379.73,694.06,157.8,31.47,794.38,325.15,160.83,-1536.36,1159.01
171,2017-09-15,2947.92,621.23,129.8,39.22,1385.11,332.24,172.41,-1733.97,1240.24
172,2017-09-16,2645.09,664.85,152.3,45.26,1229.09,168.84,144.08,-1751.18,1314.79
173,2017-09-17,1730.76,490.04,308.1,23.08,495.73,192.56,63.87,-1147.03,814.2
174,2017-09-18,2511.25,754.3,78.9,16.79,1114.47,210.03,108.64,-1402.82,1043.73
175,2017-09-19,2615.79,439.7,448.4,23.23,865.94,451.57,149.44,-1865.26,1463.36
176,2017-09-20,2435.3,632.8,250.7,27.11,793.94,349.31,160.07,-1463.56,1033.96
177,2017-09-21,2840.86,925.89,129.8,49.57,1132.96,196.13,144.85,-1862.65,1377.43
178,2017-09-22,2325.23,813.35,142.8,38.78,793.33,249.79,155.89,-1478.33,1171.46
179,2017-09-23,3270.04,743.66,78.9,24.02,1752.52,254.58,118.91,-2531.43,1910.96
180,2017-09-24,2128.02,740.1,0.0,26.62,678.25,360.53,129.59,-1327.96,942.35
181,2017-09-25,2138.01,737.96,81.9,33.95,642.09,299.56,148.16,-1405.45,946.29
182,2017-09-26,2640.44,698.17,374.0,28.22,897.38,234.92,194.06,-1693.96,1251.0
183,2017-09-27,1752.71,676.88,159.8,27.2,404.92,165.74,168.83,-1204.39,800.57
184,2017-09-28,2915.32,804.02,70.9,39.02,1267.15,284.5,185.45,-1925.76,1402.88
185,2017-09-29,2007.58,561.85,78.9,25.86,793.38,261.21,104.61,-1136.79,872.04
186,2017-09-30,2193.36,661.14,81.9,41.24,793.98,272.76,109.72,-1507.29,1005.97
187,2017-10-01,1888.21,598.26,74.4,21.26,619.55,216.38,187.16,-1188.54,709.22
188,2017-10-02,2397.65,710.14,0.0,32.24,941.42,359.03,136.84,-1367.6,945.62
189,2017-10-03,2539.3,903.39,310.6,20.67,682.21,270.19,121.73,-1780.63,1293.61
190,2017-10-04,2342.09,850.39,159.8,28.4,723.68,217.12,150.54,-1532.81,926.8
191,2017-10-05,2185.99,709.01,74.4,46.47,761.89,275.82,119.81,-1456.44,936.45
192,2017-10-06,2518.75,716.24,331.7,28.38,636.27,401.01,176.4,-1769.79,1256.75
193,2017-10-07,2374.25,519.3,235.7,24.23,981.36,245.41,152.68,-1901.92,1486.13
194,2017-10-08,2450.78,615.49,388.5,26.2,789.5,278.63,157.88,-1763.0,1289.43
195,2017-10-09,2169.06,664.91,164.8,28.11,762.25,238.64,141.68,-1399.27,1087.17
196,2017-10-10,3172.27,868.18,70.9,36.61,1321.85,416.16,206.83,-2236.42,1738.26
197,2017-10-11,2494.15,566.39,381.5,31.89,920.68,165.67,201.51,-1546.07,1097.73
198,2017-10-12,2026.88,541.23,0.0,24.34,779.69,321.43,176.37,-1177.53,996.36
199,2017-10-13,2842.66,924.98,219.7,31.86,1006.84,257.72,143.5,-1835.37,1358.93
200,2017-10-14,3251.42,803.89,465.9,27.79,1351.03,212.42,122.74,-2259.8,1668.41
201,2017-10-15,1743.26,593.24,0.0,15.46,665.96,198.6,111.23,-1055.8,828.15
202,2017-10-16,2520.16,861.28,79.9,31.83,973.74,185.28,191.71,-1518.88,1001.48
203,2017-10-17,2182.91,696.6,0.0,25.01,827.17,272.42,163.65,-1372.62,1031.75
204,2017-10-18,2462.6,687.51,159.8,8.5,1023.11,252.86,114.16,-1434.9,863.43
205,2017-10-19,2578.64,806.54,152.39,23.02,980.34,247.8,157.79,-1587.96,1334.32
206,2017-10-20,2862.63,805.4,211.2,23.0,1047.37,311.83,204.14,-2015.13,1442.85
207,2017-10-21,2765.18,633.06,221.7,23.29,1246.06,256.33,156.61,-1737.42,1331.0
208,2017-10-22,2038.39,651.24,233.7,25.86,531.91,274.34,135.56,-1407.16,899.03
209,2017-10-23,2568.31,657.96,221.7,19.78,1020.39,276.16,138.94,-1686.62,1293.25
210,2017-10-24,2767.97,684.21,290.6,31.03,1174.09,218.91,118.01,-1945.55,1448.54
211,2017-10-25,2218.3,602.49,154.3,21.11,826.84,298.52,107.18,-1575.54,1177.46
212,2017-10-26,1847.0,730.73,93.9,44.84,459.1,157.93,193.93,-1308.98,746.32
213,2017-10-27,2604.19,889.48,232.69,35.58,683.65,342.81,155.48,-1477.58,1008.03
214,2017-10-28,2648.73,891.2,79.9,23.33,957.41,344.45,134.79,-1558.38,1179.52
215,2017-10-29,1958.08,624.19,309.6,7.73,471.1,258.56,105.85,-1360.22,1032.64
216,2017-10-30,2282.3,637.07,151.3,23.2,909.02,209.35,144.93,-1408.0,844.82
217,2017-10-31,1921.96,723.88,152.3,21.87,415.16,287.26,147.09,-1406.78,866.23
218,2017-11-01,2287.9,743.55,156.8,24.05,816.51,198.37,140.79,-1441.59,973.89
219,2017-11-02,2750.31,943.53,210.7,24.12,866.27,295.8,159.98,-1743.79,1235.9
220,2017-11-03,3318.98,732.16,70.9,21.43,1560.14,459.26,173.28,-2085.32,1437.03
221,2017-11-04,2616.74,682.7,0.0,39.83,1162.39,377.25,116.54,-1803.01,1396.68
222,2017-11-05,2301.59,439.72,552.3,16.39,737.64,247.59,98.79,-1806.09,1456.06
223,2017-11-06,1926.37,692.53,0.0,14.12,585.27,320.75,138.5,-1377.36,849.95
224,2017-11-07,2396.19,635.11,153.8,19.0,972.21,273.64,124.77,-1499.5,1131.43
225,2017-11-08,2492.22,628.42,72.4,40.74,756.96,275.73,167.85,-1692.78,1004.25
226,2017-11-09,2237.02,526.98,159.8,17.6,1054.32,168.27,106.86,-1240.6,1046.23
227,2017-11-10,2546.31,836.36,150.8,23.74,823.14,334.47,146.48,-1762.77,1356.32
228,2017-11-11,2844.02,710.49,154.3,31.23,1293.34,271.63,124.42,-1944.14,1502.56
229,2017-11-12,2116.19,488.16,455.4,18.41,573.51,264.41,124.53,-1539.77,1032.24
230,2017-11-13,1953.52,631.14,82.9,17.73,736.05,228.38,78.65,-1323.77,1011.65
231,2017-11-14,2610.06,716.55,319.6,34.7,817.19,305.41,179.86,-1819.15,1548.32
232,2017-11-15,2054.81,496.2,225.2,18.28,718.04,272.79,137.89,-1491.29,1147.98
233,2017-11-16,2340.05,681.05,379.7,19.39,643.18,297.37,107.01,-1678.39,1320.2
234,2017-11-17,2397.0,628.54,0.0,23.04,931.48,351.62,185.5,-1504.29,1149.03
235,2017-11-18,3320.53,860.11,270.78,31.58,1330.78,346.51,174.81,-2272.58,1622.29
236,2017-11-19,1971.17,588.51,169.8,16.07,624.74,238.88,149.68,-1399.95,1028.49
237,2017-11-20,2109.5,565.29,159.8,29.01,564.1,391.19,208.64,-1383.3,897.61
238,2017-11-21,2100.85,632.47,134.3,17.17,756.55,213.67,152.02,-1317.13,1010.7
239,2017-11-22,2517.52,578.75,242.7,17.15,920.44,361.79,168.14,-1591.5,1117.45
240,2017-11-23,2187.7,522.08,79.9,16.64,1054.27,228.42,87.3,-1331.52,1011.89
241,2017-11-24,2313.38,626.95,132.8,26.49,998.49,242.78,76.0,-1372.2,1057.7
242,2017-11-25,2141.94,683.68,79.9,13.3,689.67,326.23,154.24,-1392.91,1091.07
243,2017-11-26,2198.15,573.74,305.1,13.44,736.9,247.02,123.02,-1720.25,1334.32
244,2017-11-27,2226.51,695.23,70.9,20.05,792.81,311.11,134.48,-1332.74,591.69
245,2017-11-28,2332.08,697.62,697.62,20.6,1009.92,205.1,93.86,-1334.34,1011.41
246,2017-11-29,1945.38,660.54,59.9,24.25,708.61,216.64,107.56,-1414.69,1114.68
247,2017-11-30,2329.43,595.67,159.8,38.34,1043.87,162.74,117.6,-1459.69,1232.12
248,2017-12-01,3486.26,854.49,523.3,19.73,1154.84,461.01,156.18,-2448.74,1920.7
249,2017-12-02,3124.82,644.12,234.2,26.22,1397.91,421.04,117.15,-2124.82,1657.04
250,2017-12-03,1810.0,689.04,0.0,9.84,602.49,223.84,120.29,-1193.54,909.54
251,2017-12-04,2196.02,704.12,79.9,25.85,876.08,217.37,93.68,-1406.97,960.44
252,2017-12-05,2366.22,900.87,0.0,18.86,820.75,314.07,96.47,-1603.66,874.28
253,2017-12-06,1940.13,512.84,79.9,37.6,775.3,237.61,120.45,-1307.94,912.39
254,2017-12-07,2135.34,467.83,79.9,24.13,770.73,335.55,163.49,-1218.31,843.32
255,2017-12-08,3400.33,677.75,541.3,31.89,1421.1,292.82,128.56,-2387.37,1947.03
256,2017-12-09,2589.72,694.32,141.8,32.4,1139.88,220.87,126.61,-1499.55,1125.36
257,2017-12-10,2105.45,549.64,145.3,20.33,886.05,201.58,110.95,-1306.74,1022.99
258,2017-12-11,2006.17,583.85,240.7,17.1,634.4,234.45,113.8,-1097.6,782.68
259,2017-12-12,1688.34,699.59,0.0,13.53,452.45,248.58,120.84,-1170.65,624.75
260,2017-12-13,2095.92,669.23,159.8,21.8,643.76,288.18,122.87,-1216.73,859.84
261,2017-12-14,2384.77,619.95,150.8,26.74,919.14,299.47,152.09,-1579.13,1196.97
262,2017-12-15,2877.53,681.38,156.8,30.74,1263.5,309.78,173.81,-2295.49,1863.08
263,2017-12-16,3277.63,675.14,282.1,16.82,1593.02,293.16,119.16,-2015.66,1438.79
264,2017-12-17,2020.7,470.83,157.3,28.81,817.91,281.03,81.64,-1419.13,974.18
265,2017-12-18,2276.53,693.8,89.9,20.54,838.05,326.18,101.21,-1412.99,920.7
266,2017-12-19,2464.82,642.05,249.7,27.13,893.38,256.7,172.11,-1376.17,1006.73
267,2017-12-20,2236.96,495.38,59.9,25.14,975.6,349.7,127.67,-1252.91,917.57
268,2017-12-21,2597.14,644.5,230.7,21.82,900.06,397.74,166.12,-2043.24,1533.58
269,2017-12-22,4206.87,743.39,329.1,38.02,2168.18,396.17,145.27,-2482.78,1811.46
270,2017-12-23,3601.61,831.94,296.1,26.12,1577.64,417.13,125.12,-2767.53,2075.93
271,2017-12-24,2666.3,609.32,227.7,12.2,1131.05,307.94,146.88,-1896.65,1402.24
273,2017-12-26,3438.15,742.08,312.1,33.99,1426.43,428.38,182.8,-2233.84,1635.74
274,2017-12-27,2808.13,830.59,156.8,38.84,1160.17,295.04,72.43,-2038.06,1533.14
275,2017-12-28,1801.84,554.26,0.0,12.97,671.63,311.7,88.86,-1203.51,834.42
276,2017-12-29,3000.91,690.23,386.5,24.94,1086.82,385.72,154.05,-2326.06,1811.47
277,2017-12-30,3098.35,844.93,294.6,33.06,1382.04,181.51,80.41,-2001.25,1513.56
278,2017-12-31,2168.11,683.09,150.8,27.63,683.18,341.3,85.33,-1543.96,1198.91
279,2018-01-01,1193.12,368.19,76.9,22.22,337.4,213.96,66.01,-524.26,264.94
280,2018-01-02,2039.49,723.88,70.9,9.52,702.6,259.5,87.46,-1399.63,974.43
281,2018-01-03,2555.35,719.65,159.8,25.65,1086.85,257.13,73.96,-1504.1,1097.65
282,2018-01-04,2741.61,631.96,79.9,15.19,1338.79,337.14,89.26,-1852.62,1391.59
283,2018-01-05,2917.36,817.79,311.1,18.9,1035.85,315.63,152.72,-1956.59,1440.02
284,2018-01-06,3478.29,741.86,548.5,21.41,1374.13,341.14,134.93,-2241.35,1517.2
285,2018-01-07,2057.2,524.52,230.7,12.96,769.52,234.74,89.1,-1336.34,987.54
286,2018-01-08,2508.63,720.65,153.8,16.88,1101.34,249.68,55.25,-1531.55,1077.15
287,2018-01-09,3175.72,773.57,215.3,17.19,1547.07,221.99,109.92,-1905.61,1255.57
288,2018-01-10,2416.82,454.55,159.8,23.16,1258.11,214.4,110.54,-1603.54,1269.31
289,2018-01-11,2125.7,692.18,79.9,13.11,835.22,214.33,47.83,-1375.85,1099.08
290,2018-01-12,2876.1,707.96,311.1,22.27,1143.11,322.64,107.74,-1902.06,1303.98
291,2018-01-13,2332.82,574.36,223.2,30.74,975.65,251.83,64.7,-1367.52,1053.64
292,2018-01-14,2213.79,671.07,250.7,25.93,803.83,172.3,89.38,-1350.58,982.65
293,2018-01-15,2287.44,741.39,159.8,21.49,805.18,230.83,119.67,-1477.69,1159.66
294,2018-01-16,2620.7,761.63,462.99,23.78,778.54,246.89,108.44,-1877.57,1236.98
295,2018-01-17,1875.38,600.26,59.9,21.77,705.37,248.62,68.83,-1083.03,820.04
296,2018-01-18,2696.85,720.77,0.0,16.93,1310.73,286.61,116.39,-1669.95,1276.02
297,2018-01-19,2689.1,669.0,307.6,35.27,995.58,298.41,138.53,-1818.19,1343.66
298,2018-01-20,2641.86,628.81,221.7,27.22,1070.08,344.78,109.0,-1803.24,1327.8
299,2018-01-21,1877.52,625.86,61.9,19.08,644.24,264.1,91.42,-1325.52,957.9
300,2018-01-22,3172.68,925.52,394.5,10.33,1146.8,268.26,138.64,-2039.36,1513.25
301,2018-01-23,1922.07,556.76,159.8,28.69,785.2,161.13,55.57,-1204.39,857.9
302,2018-01-24,3096.83,822.65,70.9,15.58,1569.2,239.92,96.83,-1768.25,1327.27
303,2018-01-25,2147.19,611.68,0.0,34.37,870.87,318.78,116.11,-1246.2,790.57
304,2018-01-26,2670.4,710.38,74.4,21.53,1266.3,272.9,81.9,-1787.71,1268.11
305,2018-01-27,2520.37,820.86,139.8,26.94,1010.31,197.66,95.4,-1771.71,1372.63
306,2018-01-28,2434.49,659.22,387.7,21.38,783.24,256.32,105.27,-1734.0,1342.71
307,2018-01-29,2186.02,675.81,236.7,16.22,682.97,275.23,100.21,-1441.22,998.01
308,2018-01-30,2668.42,742.67,298.6,19.32,1027.47,213.9,123.65,-2005.64,1548.01
309,2018-01-31,2559.29,630.14,234.7,25.23,1099.33,247.79,89.2,-1651.06,1229.45
310,2018-02-01,2752.67,722.22,93.9,26.57,1045.95,463.47,150.07,-1862.56,1324.65
311,2018-02-02,3790.33,988.86,157.3,35.01,1597.8,525.25,141.29,-2367.51,1885.9
312,2018-02-03,2588.3,836.27,146.8,43.41,837.86,374.01,114.36,-1657.38,1040.4
313,2018-02-04,2501.64,660.4,159.8,15.97,1051.41,259.01,127.42,-1599.53,1190.24
314,2018-02-05,2581.71,770.07,0.0,11.11,1197.26,222.05,146.3,-1521.19,1092.5
315,2018-02-06,2848.27,695.93,218.7,26.07,1259.82,251.74,136.85,-2000.66,1430.05
316,2018-02-07,2604.62,778.45,79.9,27.85,1064.36,323.57,93.5,-1742.0,1210.63
317,2018-02-08,2495.2,670.71,222.2,23.85,908.06,337.88,105.42,-1982.05,1525.7
318,2018-02-09,3581.32,825.01,425.2,10.43,1575.37,272.47,147.01,-2705.37,2061.27
319,2018-02-10,3014.11,850.03,89.9,23.64,1341.23,273.77,161.3,-1876.61,1358.97
320,2018-02-11,2239.28,793.57,59.9,28.83,801.12,252.32,99.78,-1546.57,1129.49
321,2018-02-12,2438.8,652.45,61.9,16.85,1030.28,346.45,108.91,-1607.24,1169.07
322,2018-02-13,2106.46,613.64,173.8,23.99,794.16,213.68,95.52,-1401.55,1017.95
323,2018-02-14,3012.83,670.74,224.7,25.0,1457.36,250.66,110.22,-1895.52,1366.66
324,2018-02-15,3667.94,763.53,523.3,41.93,1646.69,204.55,154.25,-2733.66,2014.1
325,2018-02-16,3161.39,779.06,0.0,18.0,1537.18,371.59,167.87,-2400.75,1727.37
326,2018-02-17,2457.62,741.26,82.9,40.62,1029.59,250.86,88.7,-1395.82,1037.75
327,2018-02-18,2978.65,693.32,229.29,14.34,1337.48,334.34,98.86,-2335.42,1775.89
328,2018-02-19,2812.14,646.88,79.9,12.25,1499.23,239.02,79.01,-1686.45,1274.75
329,2018-02-20,2813.65,785.82,165.0,10.38,1261.64,218.63,116.21,-1733.57,1093.63
330,2018-02-21,2419.4,661.05,70.9,15.09,1055.21,271.59,125.4,-1382.2,756.33
331,2018-02-22,3252.5,647.62,304.6,30.65,1544.26,276.86,150.62,-2416.49,1869.8
332,2018-02-23,3289.48,726.69,384.7,21.01,1410.47,295.51,151.83,-2308.28,1773.54
333,2018-02-24,3122.62,663.28,194.7,20.47,1445.12,381.49,133.48,-1807.84,1236.69
334,2018-02-25,2453.61,563.42,159.8,4.34,1136.0,249.98,116.88,-1837.47,1392.35
335,2018-02-26,2067.2,616.28,0.0,16.51,848.11,329.72,68.44,-1544.83,1098.62
336,2018-02-27,2340.46,648.6,82.9,17.35,1009.84,234.7,134.02,-1501.26,1066.94
337,2018-02-28,2313.96,658.78,0.0,36.04,1025.96,238.69,143.92,-1127.81,796.25
338,2018-03-01,2989.24,719.34,154.3,24.08,1383.2,311.54,124.77,-1934.82,1469.43
339,2018-03-02,3666.23,817.33,159.8,31.09,1842.81,305.42,194.18,-2542.68,1878.82
340,2018-03-03,3664.63,870.22,547.86,37.17,1517.81,247.07,111.18,-2615.11,1925.6
341,2018-03-04,2210.01,606.39,376.0,19.22,662.11,260.16,85.02,-1523.44,958.01
342,2018-03-05,2920.44,597.04,224.7,12.29,1492.86,277.15,50.7,-2199.35,1619.97
343,2018-03-06,2899.66,860.73,142.8,28.76,1303.98,243.81,66.22,-2185.76,1672.91
344,2018-03-07,2920.85,670.85,153.8,20.84,1400.14,291.74,117.76,-2513.93,1711.11
345,2018-03-08,3036.47,930.62,223.2,21.6,1198.44,261.68,124.67,-2300.05,1796.02
346,2018-03-09,3466.44,702.82,374.0,22.11,1575.74,323.88,152.5,-2495.64,1900.16
347,2018-03-10,2980.78,726.89,319.1,26.27,1201.73,240.07,195.52,-1853.9,1456.97
348,2018-03-11,2986.91,676.0,141.8,25.45,1487.87,302.33,81.69,-2402.39,1801.53
349,2018-03-12,2195.74,765.4,0.0,18.31,810.52,265.43,139.53,-1396.82,880.28
350,2018-03-13,2760.19,577.65,242.7,29.47,1299.42,211.97,147.81,-2118.29,1430.09
351,2018-03-14,2834.79,798.53,173.8,20.19,1028.81,348.25,210.96,-1906.49,1258.27
352,2018-03-15,3130.67,699.9,149.3,17.28,1485.24,310.47,183.55,-2155.27,1596.79
353,2018-03-16,3810.33,831.46,273.6,24.76,1890.4,234.54,208.03,-2847.63,2106.27
354,2018-03-17,3546.9,773.34,223.2,23.68,1785.23,316.06,102.7,-2443.21,1835.65
355,2018-03-18,2127.75,617.65,159.8,10.55,837.4,235.94,72.83,-1718.1,1280.48
356,2018-03-19,2532.66,695.08,82.9,30.77,1045.6,356.35,91.46,-1590.1,1012.51
357,2018-03-20,2964.09,713.71,480.1,11.93,1146.29,241.03,127.17,-2100.48,1503.59
358,2018-03-21,2595.94,634.88,0.0,39.02,1308.87,273.34,111.99,-1935.36,1357.71
359,2018-03-22,3330.07,747.48,300.6,31.2,1616.65,247.21,83.98,-2258.39,1644.35
360,2018-03-23,3061.88,777.21,168.0,16.5,1271.39,375.03,175.15,-2203.14,1603.05
361,2018-03-24,3039.37,709.38,287.6,16.87,1301.9,348.3,98.76,-1993.62,1457.45
362,2018-03-25,2181.61,501.1,297.6,12.95,876.07,223.27,72.1,-1593.57,1173.34
363,2018-03-26,2609.58,509.48,0.0,15.29,1532.35,237.02,80.96,-1513.36,1122.22
364,2018-03-27,3085.86,641.99,320.09,20.35,1455.79,265.45,123.4,-2670.4,2043.82
365,2018-03-28,2507.53,435.99,168.3,36.78,1173.64,353.61,126.97,-1963.07,1236.9
366,2018-03-29,2552.01,357.21,150.8,25.52,1180.44,506.29,99.54,-1931.12,1391.77
367,2018-03-30,3300.38,801.92,228.7,26.07,1531.58,319.83,91.94,-2875.43,2139.73
368,2018-03-31,2608.97,754.76,0.0,21.65,1164.84,321.37,108.92,-1856.88,1287.06
369,2018-04-01,2056.06,586.67,145.39,9.97,859.03,152.91,115.05,-1399.38,977.99
370,2018-04-02,3265.46,821.17,241.7,37.8,1452.56,299.18,115.92,-2110.47,1442.86
371,2018-04-03,2621.32,820.63,155.8,9.02,1070.27,249.16,77.85,-1808.13,1177.47
372,2018-04-04,2383.93,738.58,79.9,28.06,840.02,364.51,119.5,-1494.27,1140.96
373,2018-04-05,3779.75,790.25,507.3,25.29,1675.04,321.66,116.33,-2470.01,1846.76
374,2018-04-06,3930.45,832.45,357.59,43.6,1783.84,361.14,194.2,-2930.45,2238.27
375,2018-04-07,2934.32,733.11,331.6,14.58,1049.16,377.88,160.94,-2231.02,1736.3
376,2018-04-08,2579.92,482.58,323.7,28.95,1120.91,279.98,109.04,-2080.39,1533.45
377,2018-04-09,2616.55,558.97,159.8,10.53,1303.07,200.84,145.24,-1553.67,1098.65
378,2018-04-10,2246.15,560.53,159.8,23.47,951.47,208.79,137.66,-1227.96,910.73
379,2018-04-11,2136.03,645.11,152.8,19.21,686.67,278.26,159.56,-1385.2,963.02
380,2018-04-12,3398.97,819.81,196.9,13.93,1607.1,341.64,110.58,-935.46,579.84
381,2018-04-13,3190.82,642.25,152.8,31.37,1562.59,385.33,126.12,-2143.98,1605.63
382,2018-04-14,3325.7,784.57,151.8,30.68,1634.13,277.33,144.57,-2292.25,1764.94
383,2018-04-15,2386.27,796.21,133.9,17.3,877.3,265.31,79.1,-1641.36,1283.02
384,2018-04-16,2764.69,1029.63,0.0,24.59,1039.23,320.96,123.26,-1578.14,1104.33
385,2018-04-17,2351.16,666.37,0.0,26.02,1073.77,245.6,125.41,-1703.6,1202.91
386,2018-04-18,2720.08,867.8,374.5,27.96,918.67,192.83,90.82,-1729.23,1273.29
387,2018-04-19,2623.93,999.55,80.9,39.54,874.49,229.52,161.16,-1633.08,1193.89
388,2018-04-20,4257.4,1002.9,170.8,27.22,1944.92,477.1,247.01,-3233.11,2372.14
389,2018-04-21,3351.33,873.43,155.8,25.59,1556.56,331.27,104.8,-2193.85,1647.43
390,2018-04-22,2159.87,528.9,74.0,21.6,1006.82,234.03,97.95,-1389.06,1050.4
391,2018-04-23,2959.23,685.64,149.8,35.36,1469.3,233.88,119.18,-1926.64,1425.51
392,2018-04-24,2903.28,875.35,300.6,13.31,1077.29,266.61,51.63,-1946.49,1402.49
393,2018-04-25,2652.29,592.79,71.9,20.83,1250.1,342.21,133.04,-1716.34,1248.91
394,2018-04-26,2650.81,671.26,380.5,28.18,857.6,283.67,191.0,-1754.77,1317.86
395,2018-04-27,3732.9,949.38,139.8,29.8,1785.75,301.55,186.96,-2523.01,1826.83
396,2018-04-28,3427.59,696.98,328.6,25.41,1622.36,303.54,147.54,-2301.93,1695.93
397,2018-04-29,2693.17,662.98,236.7,16.57,1244.58,206.7,80.53,-1764.97,1372.19
398,2018-04-30,3131.73,807.38,464.6,29.59,1052.3,341.3,151.58,-2078.79,1421.53
399,2018-05-01,2764.47,735.3,0.0,18.25,1381.07,247.93,130.29,-1930.87,1357.81
400,2018-05-02,2993.72,717.78,392.5,43.17,1156.59,320.49,90.73,-2041.24,1402.91
401,2018-05-03,2907.71,894.06,236.7,18.87,1073.48,268.91,154.89,-1856.74,1343.06
402,2018-05-04,3377.29,1012.82,119.8,27.79,1321.58,347.67,240.33,-2369.74,1682.69
403,2018-05-05,2759.59,622.96,248.7,36.54,1175.13,312.63,121.55,-1916.96,1395.13
404,2018-05-06,3149.3,757.17,286.6,21.37,1312.83,240.84,245.69,-2223.23,1536.44
405,2018-05-07,3847.59,996.01,71.9,36.63,1936.29,280.36,149.53,-2520.05,1759.53
406,2018-05-08,2982.39,665.92,164.8,26.98,1389.85,302.86,160.55,-1949.55,1423.98
407,2018-05-09,2725.65,747.85,161.8,33.14,1282.82,161.2,107.8,-1618.18,1374.86
408,2018-05-10,3320.77,597.89,540.3,27.81,1257.9,397.81,196.89,-2779.37,1950.0
409,2018-05-11,2859.94,784.04,152.8,45.04,1179.8,248.11,189.86,-2345.71,1700.25
410,2018-05-12,3558.04,732.5,362.5,29.08,1574.72,415.91,128.65,-2555.89,1850.24
411,2018-05-13,2910.98,932.65,158.8,24.52,1148.21,186.55,195.33,-2069.98,1692.09
412,2018-05-14,3152.32,853.85,243.7,35.86,1179.11,348.96,203.96,-2078.87,1556.44
413,2018-05-15,2489.11,781.29,225.1,17.36,906.24,205.63,128.45,-1787.8,1325.69
414,2018-05-16,3128.72,767.85,89.9,23.52,1475.76,363.64,123.31,-2249.55,1782.49
415,2018-05-17,2647.33,685.49,227.7,15.33,1104.63,239.22,137.04,-1677.95,1199.8
416,2018-05-18,3485.19,934.13,77.9,36.76,1502.69,444.02,172.54,-2649.48,1981.78
417,2018-05-19,3255.45,912.96,149.8,25.37,1468.83,252.94,149.25,-2550.01,1905.52
418,2018-05-20,3541.03,1036.98,383.59,23.0,1389.38,235.79,150.12,-2590.82,2099.61
419,2018-05-21,2507.64,647.5,212.7,27.65,1022.28,239.07,129.22,-1610.21,1212.37
420,2018-05-22,2989.73,836.88,460.4,31.25,1080.05,176.44,132.75,-2051.13,1492.4
421,2018-05-23,2364.25,800.16,161.8,10.09,828.17,243.75,108.4,-1585.91,1257.42
422,2018-05-24,3006.72,855.57,77.9,22.99,1377.7,268.69,130.26,-1940.55,1522.64
423,2018-05-25,3490.22,1104.47,230.7,22.36,1357.38,289.88,167.84,-2669.63,2014.42
424,2018-05-26,3114.1,663.04,392.5,26.07,1427.11,230.26,91.75,-2223.68,1716.92
425,2018-05-27,2788.13,821.75,232.7,31.02,1134.56,232.44,81.96,-1787.29,1377.15
426,2018-05-28,2640.23,691.87,224.7,26.92,916.1,416.27,124.09,-1781.88,1316.87
427,2018-05-29,3262.66,1109.47,154.8,20.39,1161.72,377.18,142.17,-2025.32,1571.34
428,2018-05-30,2454.91,701.8,139.8,34.12,946.52,260.92,148.64,-1724.13,1284.23
429,2018-05-31,3046.36,644.66,265.7,38.97,1436.52,262.18,121.13,-2017.56,1540.29
430,2018-06-01,3921.94,956.75,222.7,30.7,1776.59,352.3,226.01,-2666.03,2167.23
431,2018-06-02,4013.9,1195.9,492.4,59.66,1426.91,332.72,141.08,-2672.96,1910.47
432,2018-06-03,2631.02,745.09,195.7,36.5,996.95,328.33,105.98,-1932.16,1438.42
433,2018-06-04,2808.76,729.32,70.8,18.65,1477.07,162.98,94.34,-1886.46,1361.18
434,2018-06-05,3341.04,1007.18,216.7,30.6,1329.25,360.44,92.81,-2162.41,1630.36
435,2018-06-06,3489.14,826.08,403.6,16.15,1507.37,240.08,158.59,-2240.09,1483.62
436,2018-06-07,2635.02,958.35,170.8,33.47,759.63,323.38,149.51,-1665.6,1190.73
437,2018-06-08,3823.16,926.5,373.0,44.74,1665.25,302.52,163.31,-2655.48,2001.22
438,2018-06-09,3471.74,910.46,71.9,21.85,1765.28,236.25,150.06,-2442.07,1949.39
439,2018-06-10,2860.42,526.74,153.8,23.43,1541.28,240.84,114.08,-1790.22,1356.96
440,2018-06-11,3199.14,1007.84,80.9,28.97,1393.89,257.2,139.2,-2128.22,1584.54
441,2018-06-12,2697.36,934.18,219.5,33.7,1023.57,151.83,89.11,-1668.9,1221.67
442,2018-06-13,3370.98,905.9,438.1,16.17,1297.88,214.97,191.22,-2580.51,2010.32
443,2018-06-14,2832.04,846.33,326.6,25.1,1031.15,236.4,108.74,-2181.78,1629.24
444,2018-06-15,3920.37,890.73,380.5,25.42,1805.81,321.68,139.54,-2869.46,2182.28
445,2018-06-16,3186.46,704.82,149.8,30.19,1812.21,245.77,153.75,-2266.55,1785.04
446,2018-06-17,2887.81,816.39,255.7,31.15,1093.38,291.17,137.26,-1869.24,1633.95
447,2018-06-18,2917.25,693.59,59.9,32.15,1522.78,220.35,123.0,-1533.44,1169.33
448,2018-06-19,2884.92,645.45,234.7,26.15,1216.73,331.89,170.79,-2033.51,1519.11
449,2018-06-20,3511.45,775.75,325.6,28.05,1677.47,241.48,143.6,-2597.08,1960.83
450,2018-06-21,3059.2,705.31,311.6,46.28,1274.74,305.6,137.29,-1970.0,1508.59
451,2018-06-22,3373.62,704.29,286.6,23.51,1595.26,238.96,218.0,-2650.31,2062.03
452,2018-06-23,2795.42,930.53,156.8,15.58,1134.81,208.37,94.95,-2114.07,1569.85
453,2018-06-24,2522.67,647.13,78.9,24.87,1147.04,248.45,146.73,-1614.15,1148.74
454,2018-06-25,3399.42,760.39,284.79,32.41,1579.94,319.43,117.41,-2663.02,2085.96
455,2018-06-26,3533.36,970.25,388.5,23.95,1347.63,364.61,114.25,-2376.38,1809.4
456,2018-06-27,2289.26,581.34,155.8,25.53,797.83,364.59,156.41,-1463.24,1069.04
457,2018-06-28,3059.5,675.01,154.8,40.27,1507.88,292.82,110.32,-2152.9,1636.37
458,2018-06-29,4319.13,1133.45,590.2,38.61,1674.48,351.13,138.27,-3276.66,2684.01
459,2018-06-30,3252.58,817.46,150.8,40.78,1537.04,260.24,169.22,-2183.36,1641.55
460,2018-07-01,2694.54,855.65,140.8,23.93,1075.66,239.89,113.41,-1795.22,1282.14
461,2018-07-02,3007.62,651.59,245.7,30.71,1278.3,436.54,91.09,-2258.47,1740.82
462,2018-07-03,3543.3,1103.06,170.8,58.73,1351.63,365.51,171.07,-2745.54,2066.85
463,2018-07-04,2783.07,757.48,80.9,37.79,1206.98,314.3,132.36,-2100.39,1683.79
464,2018-07-05,3212.64,941.59,362.5,32.72,1321.22,205.81,89.96,-2133.17,1585.38
465,2018-07-06,3665.66,941.75,252.7,21.47,1672.95,307.31,135.91,-2352.73,1852.31
466,2018-07-07,3428.91,990.8,355.5,24.36,1458.14,146.66,141.44,-2424.41,1730.31
467,2018-07-08,3202.29,732.17,154.8,26.12,1690.26,269.26,56.27,-2293.33,1775.69
468,2018-07-09,3546.12,834.94,314.6,31.97,1589.49,361.14,95.39,-2534.75,1995.11
469,2018-07-10,3384.72,826.99,366.5,23.92,1390.79,336.64,121.65,-2075.1,1521.01
470,2018-07-11,2445.66,659.28,195.7,18.68,978.84,248.49,123.1,-1762.44,1131.31
471,2018-07-12,2260.65,885.85,0.0,29.5,836.3,189.54,113.68,-1553.4,1006.91
472,2018-07-13,3496.18,943.13,72.9,36.65,1693.48,301.36,144.46,-2262.98,1629.08
473,2018-07-14,3286.93,873.27,433.5,28.32,1176.91,345.87,129.95,-2398.49,1766.18
474,2018-07-15,2712.7,703.7,393.5,20.71,1074.58,180.79,92.61,-2080.27,1619.88
475,2018-07-16,3090.3,754.93,242.7,19.36,1364.8,302.63,124.61,-2121.93,1663.0
476,2018-07-17,3706.37,818.68,593.2,33.31,1336.05,345.67,242.25,-3140.07,2492.2
477,2018-07-18,2622.99,745.98,218.7,23.09,1001.66,288.26,106.61,-1896.31,1423.18
478,2018-07-19,2834.17,751.61,147.8,26.25,1310.89,248.85,92.82,-1647.83,1157.42
479,2018-07-20,4530.61,867.98,292.6,28.13,2322.55,405.51,201.65,-3350.35,2687.47
480,2018-07-21,3167.29,543.06,209.7,38.72,1692.45,264.58,130.57,-2221.18,1674.72
481,2018-07-22,2739.03,804.04,338.6,23.66,1011.1,191.49,120.87,-1821.72,1432.57
482,2018-07-23,3368.79,801.03,199.7,37.23,1676.34,209.43,138.47,-2322.4,1845.59
483,2018-07-24,2789.63,810.89,221.7,33.55,1121.67,209.61,138.34,-2113.68,1662.5
484,2018-07-25,2806.46,652.27,394.5,39.87,1070.97,252.03,141.41,-1783.74,1382.03
485,2018-07-26,3081.12,867.72,314.6,36.76,1219.49,226.57,135.6,-2046.83,1636.44
486,2018-07-27,3220.06,823.65,162.8,35.59,1494.67,301.17,109.17,-2383.12,1836.12
487,2018-07-28,3300.85,839.21,225.7,32.21,1482.69,258.99,161.68,-2428.87,1868.96
488,2018-07-29,2889.57,714.7,239.7,23.85,1296.31,250.17,101.89,-2366.1,1942.47
489,2018-07-30,3918.33,636.83,263.6,10.48,2280.92,239.18,130.82,-2956.42,2323.78
490,2018-07-31,3344.76,978.27,0.0,46.77,1685.43,262.01,67.91,-2403.12,1886.62
491,2018-08-01,3215.51,803.57,80.9,21.16,1543.07,333.29,140.95,-2048.39,1599.01
492,2018-08-02,3250.29,788.0,212.7,48.03,1526.2,271.35,108.23,-1870.16,1437.77
493,2018-08-03,4044.53,824.33,154.5,30.42,2149.4,376.94,140.91,-2839.85,2178.41
494,2018-08-04,4037.25,1012.8,241.4,61.4,1828.27,400.22,125.78,-2495.75,1904.08
495,2018-08-05,2955.8,629.44,443.4,15.82,1278.5,212.65,107.08,-2391.23,1824.54
496,2018-08-06,3307.45,885.24,245.7,23.04,1397.41,290.32,164.81,-2263.19,1774.42
497,2018-08-07,3904.16,854.81,415.5,41.81,1896.49,218.97,121.36,-2300.44,1794.46
498,2018-08-08,2722.6,686.12,382.5,30.66,1017.78,239.36,118.39,-1802.23,1443.26
499,2018-08-09,3815.85,884.67,383.5,54.12,1692.96,331.45,124.67,-3305.51,2531.94
500,2018-08-10,4142.42,998.59,419.4,31.26,1976.18,248.71,107.37,-2601.83,1996.31
501,2018-08-11,4004.32,801.11,59.9,34.16,2232.05,364.68,140.04,-2794.23,2154.12
502,2018-08-12,2865.76,591.75,250.7,27.21,1461.45,166.15,117.73,-2476.45,1972.86
503,2018-08-13,3467.11,802.7,329.5,36.98,1566.74,268.96,146.78,-2396.34,1866.42
504,2018-08-14,2969.73,902.87,77.9,21.3,1164.36,407.59,125.49,-2462.61,1832.32
505,2018-08-15,3302.64,625.17,236.7,35.7,1711.1,250.41,143.04,-2433.51,1851.29
506,2018-08-16,3222.71,803.38,231.7,25.24,830.9,246.6,138.08,-2306.13,1739.23
507,2018-08-17,3453.67,924.78,235.7,34.22,1524.93,232.02,187.77,-2570.66,2017.79
508,2018-08-18,3783.53,844.97,316.6,50.29,1844.14,272.7,160.86,-2819.41,2192.17
509,2018-08-19,2674.66,800.85,224.7,7.01,1109.74,204.66,84.32,-2185.99,1732.12
510,2018-08-20,3110.95,674.53,133.8,37.53,1535.81,248.94,197.27,-1922.87,1540.26
511,2018-08-21,3331.02,851.7,293.6,30.71,1371.87,337.51,141.17,-2230.49,1661.47
512,2018-08-22,3321.76,781.79,0.0,26.53,1829.81,279.07,102.32,-2303.64,1766.58
513,2018-08-23,3319.22,963.35,76.9,30.37,1652.94,202.22,91.45,-1909.11,1465.18
514,2018-08-24,4354.82,906.0,458.19,36.34,2115.6,323.78,118.65,-3120.3,2387.98
515,2018-08-25,4294.45,873.81,498.4,43.01,2085.82,288.65,113.81,-2858.37,2175.64
516,2018-08-26,2856.34,776.09,129.8,28.99,1303.03,217.42,141.08,-1800.5,1378.82
517,2018-08-27,3692.86,935.71,150.8,17.2,1826.57,292.01,134.59,-2427.74,1874.33
518,2018-08-28,3228.39,820.6,230.7,41.68,1459.4,195.19,190.34,-2431.65,1882.25
519,2018-08-29,2820.3,705.56,161.8,38.23,1306.66,257.07,94.33,-1863.81,1461.17
520,2018-08-30,2780.42,715.71,288.6,45.16,1173.85,239.64,64.45,-1804.68,1332.37
521,2018-08-31,4676.48,1196.55,393.5,28.04,2059.04,415.1,158.76,-3372.53,2636.84
522,2018-09-01,3365.92,743.6,215.7,34.42,1667.13,263.77,135.52,-2113.51,1561.64
523,2018-09-02,3385.74,608.49,245.7,21.91,1727.9,348.1,126.39,-2267.62,1730.52
524,2018-09-03,3754.11,1075.39,158.8,33.01,1621.9,360.61,161.8,-2402.03,1857.54
525,2018-09-04,3755.44,767.9,149.8,30.78,1947.53,420.27,97.45,-2380.33,1856.8
526,2018-09-05,3331.42,855.51,80.9,25.49,1563.3,377.04,126.03,-2011.32,1549.49
527,2018-09-06,3159.3,842.78,434.4,45.3,1150.0,256.9,142.46,-2642.19,2044.48
528,2018-09-07,4064.85,779.24,172.8,29.38,2006.61,524.97,181.94,-2907.72,2264.16
529,2018-09-08,3638.2,1066.19,304.6,33.07,1434.09,329.25,139.91,-2098.11,1593.08
530,2018-09-09,3335.66,770.14,214.7,23.52,1670.16,213.44,140.24,-2318.69,1625.08
531,2018-09-10,2927.01,804.37,77.9,35.24,1451.42,177.37,114.35,-2022.54,1498.39
532,2018-09-11,3052.69,742.29,0.0,26.28,1617.22,261.95,127.18,-1885.3,1435.49
533,2018-09-12,2877.67,797.2,0.0,40.27,1411.19,262.21,104.88,-1550.51,1180.57
534,2018-09-13,3346.35,774.67,523.3,43.3,1358.02,235.37,89.0,-2446.26,1892.89
535,2018-09-14,4014.67,989.43,98.9,26.74,2095.02,274.51,164.77,-2565.44,1938.59
536,2018-09-15,3518.89,984.27,381.9,18.75,1308.88,377.77,133.41,-2189.78,1661.89
537,2018-09-16,2777.74,772.42,74.9,30.31,1322.89,246.59,77.86,-1907.69,1396.42
538,2018-09-17,3891.4,624.85,161.8,21.48,2238.83,357.67,132.72,-2652.48,2067.22
539,2018-09-18,3480.95,860.51,203.79,35.22,1694.26,268.02,102.46,-2270.85,1768.07
540,2018-09-19,3221.0,704.58,0.0,29.01,1764.12,335.66,94.3,-2029.15,1593.38
541,2018-09-20,3972.38,986.33,256.7,29.89,2047.25,223.03,67.76,-2627.02,2060.63
542,2018-09-21,3952.47,1030.25,298.6,51.29,1730.2,529.85,174.73,-2501.05,1909.01
543,2018-09-22,4261.89,763.87,374.5,34.31,2174.29,367.84,159.31,-3601.8,2805.47
544,2018-09-23,2493.05,783.12,80.9,91.78,784.16,356.78,167.76,-1480.4,1090.83
545,2018-09-24,2580.53,631.98,154.8,28.75,1191.39,216.59,122.17,-1766.23,1287.63
546,2018-09-25,4110.5,888.91,315.6,22.17,2030.72,347.31,131.83,-2795.54,2050.21
547,2018-09-26,2922.64,795.74,211.7,23.33,1263.45,235.22,127.21,-2053.54,1571.97
548,2018-09-27,2835.02,576.17,248.7,25.79,1397.39,197.25,131.71,-2002.91,1573.45
549,2018-09-28,4263.38,1088.74,293.6,25.25,1969.39,311.37,187.13,-3485.61,2841.79
550,2018-09-29,4183.04,828.27,379.5,40.91,2141.74,298.92,113.09,-2829.92,2186.04
551,2018-09-30,2844.23,638.26,152.8,35.36,1247.83,331.63,179.47,-1959.54,1496.37
552,2018-10-01,4042.57,859.04,0.0,40.97,2120.75,332.4,128.56,-2358.8,1853.65
553,2018-10-02,3107.23,883.44,140.8,17.99,1449.52,189.86,142.86,-2028.94,1573.96
554,2018-10-03,4014.62,994.76,300.79,19.71,1910.9,252.81,173.89,-2808.07,2135.06
555,2018-10-04,3177.63,734.6,375.5,35.89,1217.44,296.83,228.19,-2283.63,1921.68
556,2018-10-05,4286.26,1050.95,296.6,40.54,2017.73,319.94,170.6,-2966.17,2308.63
557,2018-10-06,4195.38,913.22,377.5,53.01,2032.73,326.88,201.26,-3195.27,2454.38
558,2018-10-07,2977.8,609.69,77.9,21.04,1736.22,168.13,93.83,-2152.72,1602.4
559,2018-10-08,2911.0,794.83,172.6,26.27,1177.28,335.93,138.95,-1822.61,1305.04
560,2018-10-09,3522.43,764.1,565.3,32.59,1505.27,234.67,100.99,-2597.04,1904.88
561,2018-10-10,3202.63,970.63,196.7,26.5,1239.24,335.94,140.17,-2090.82,1609.95
562,2018-10-11,3067.75,777.67,346.6,28.35,1267.06,233.05,165.0,-2021.15,1457.74
563,2018-10-12,5081.81,1114.24,393.5,16.21,2531.4,414.63,181.86,-3229.51,2764.79
564,2018-10-13,3344.51,682.3,89.9,30.86,1796.22,301.87,139.02,-2629.39,2086.62
565,2018-10-14,3911.31,864.1,132.8,27.1,2080.56,257.62,193.2,-2481.17,1894.05
566,2018-10-15,3695.25,793.4,578.59,16.72,1552.06,270.29,147.95,-2703.93,2056.3
567,2018-10-16,3131.31,739.04,80.9,13.71,1609.63,250.16,153.68,-2463.47,1864.23
568,2018-10-17,3520.18,814.61,375.5,15.96,1612.09,256.99,124.73,-2524.62,1991.46
569,2018-10-18,3805.32,966.33,269.6,24.86,1879.13,249.15,70.02,-2810.23,2366.94
570,2018-10-19,3587.59,763.93,160.8,20.76,1854.93,326.31,134.4,-2636.81,2032.43
571,2018-10-20,4044.51,897.34,479.59,29.35,1716.34,300.56,174.45,-2856.73,2142.17
572,2018-10-21,2718.38,663.43,152.8,23.02,1280.51,233.24,116.0,-2003.48,1538.76
573,2018-10-22,3020.09,557.52,177.81,24.57,1626.61,237.03,121.73,-2090.17,1616.05
574,2018-10-23,2620.11,811.53,119.8,20.85,1080.59,230.5,121.14,-1940.15,1537.62
575,2018-10-24,3038.75,677.05,137.6,19.09,1579.4,234.47,114.44,-2327.62,1817.9
576,2018-10-25,2695.62,802.04,81.9,30.49,1127.53,239.29,169.05,-1950.71,1597.29
577,2018-10-26,4105.25,865.51,268.7,39.2,2085.62,342.78,129.88,-3445.0,2634.63
578,2018-10-27,4215.88,1101.24,245.6,40.4,1988.41,306.24,150.41,-2816.71,2257.54
579,2018-10-28,3506.95,797.82,449.3,26.82,1597.46,201.38,115.1,-2627.77,2044.79
580,2018-10-29,3183.5,957.45,133.8,20.14,1487.56,178.1,116.75,-2105.14,1598.22
581,2018-10-30,2917.61,864.24,375.5,37.19,1067.44,214.33,93.44,-2089.79,1632.62
582,2018-10-31,2965.99,706.97,216.7,16.36,1377.85,253.35,128.74,-1688.85,1166.67
583,2018-11-01,3872.1,972.26,159.8,25.78,1815.21,409.65,137.06,-2673.85,2030.51
584,2018-11-02,4818.72,1164.9,402.5,40.62,2190.83,369.89,211.56,-3299.07,2547.91
585,2018-11-03,4138.03,949.08,416.4,41.48,1874.79,346.92,132.87,-2706.87,2007.01
586,2018-11-04,2982.14,694.4,163.6,40.97,1418.34,281.04,112.41,-2057.46,1383.11
587,2018-11-05,3347.67,830.94,285.6,8.15,1526.99,267.09,104.28,-2430.57,1848.47
588,2018-11-06,3915.7,987.8,252.7,21.51,1895.66,293.84,112.88,-2540.44,1901.36
589,2018-11-07,3345.49,747.34,260.7,97.94,1470.8,314.78,158.51,-2469.51,1858.34
590,2018-11-08,3918.52,874.96,157.8,39.24,2024.96,355.36,109.64,-2593.26,1991.71
591,2018-11-09,3702.54,865.84,73.9,19.89,1992.73,265.22,148.07,-2668.43,2111.79
592,2018-11-10,4143.1,974.61,409.3,29.16,1899.11,277.08,176.88,-2987.95,2429.63
593,2018-11-11,2586.56,565.11,72.9,16.01,1367.27,196.47,133.39,-1689.49,1260.12
594,2018-11-12,2668.44,751.14,59.9,16.93,1265.48,229.0,108.15,-1484.67,1166.61
595,2018-11-13,3245.26,973.55,73.9,13.61,1582.74,225.04,92.27,-2145.39,1654.37
596,2018-11-14,3545.38,788.43,160.7,37.62,1931.92,167.0,137.17,-2704.63,2110.81
597,2018-11-15,3674.76,890.98,140.8,28.46,1900.33,275.8,94.04,-2656.48,1982.05
598,2018-11-16,4359.22,1033.54,450.3,16.35,1986.68,344.68,131.06,-2984.09,2324.18
599,2018-11-17,4883.54,939.82,160.7,60.68,2802.63,290.6,180.88,-3044.0,2412.68
600,2018-11-18,3328.1,909.25,510.9,23.6,1255.3,245.37,80.87,-2344.1,1808.77
601,2018-11-19,3286.73,841.5,246.6,31.06,1554.28,178.76,135.52,-2279.24,1734.6
602,2018-11-20,3576.15,643.52,141.7,18.67,2179.88,202.32,64.68,-2714.64,2058.94
603,2018-11-21,4839.68,1178.02,403.5,37.76,2168.47,427.16,184.43,-3459.15,2604.1
604,2018-11-22,1913.23,281.08,0.0,15.44,1135.21,208.64,98.75,-1450.27,1099.54
605,2018-11-23,4488.71,937.44,236.6,29.19,2288.45,381.98,206.66,-3608.58,2772.55
606,2018-11-24,3144.71,737.38,304.5,19.74,1356.4,300.55,139.99,-2492.73,1901.17
607,2018-11-25,2697.71,661.8,175.8,24.94,1183.54,297.92,108.23,-2184.5,1664.73
608,2018-11-26,2986.72,903.76,199.7,15.72,1216.94,254.34,124.46,-1919.08,1466.16
609,2018-11-27,3618.41,786.7,230.7,33.14,1818.06,311.14,109.42,-2246.81,1622.51
610,2018-11-28,3269.46,799.3,380.3,16.4,1492.63,183.94,99.42,-2386.14,1854.09
611,2018-11-29,3347.87,614.79,376.3,27.31,1665.63,230.48,128.73,-2206.16,1813.43
612,2018-11-30,4597.46,986.75,53.45,53.45,2513.14,447.04,178.76,-3370.76,2629.78
613,2018-12-01,4225.71,724.43,314.9,22.45,2282.61,395.97,92.7,-2929.86,2349.78
614,2018-12-02,3518.91,750.76,404.49,24.96,1547.53,370.99,100.98,-2758.35,2100.46
615,2018-12-03,4121.54,979.71,185.7,17.36,2130.55,328.62,103.9,-2540.94,1891.3
616,2018-12-04,3774.78,895.79,207.7,36.38,1920.2,268.25,103.0,-2203.02,1564.89
617,2018-12-05,2376.44,587.1,177.3,8.13,1096.82,214.85,75.98,-1533.99,1176.91
618,2018-12-06,2908.2,720.56,260.6,24.98,1288.97,221.24,127.23,-2330.27,1823.11
619,2018-12-07,3804.53,771.35,380.4,23.46,1803.88,311.0,168.29,-2383.22,1849.88
620,2018-12-08,3523.4,980.62,245.6,16.33,1521.69,288.62,149.91,-2344.72,1797.22
621,2018-12-09,3530.83,617.77,228.7,28.15,1890.41,354.44,99.12,-2521.21,1952.74
622,2018-12-10,3185.42,714.83,295.5,22.74,1543.58,214.56,104.4,-2196.31,1756.69
623,2018-12-11,3401.56,720.23,81.8,18.91,1846.1,308.0,116.99,-2037.25,1523.09
624,2018-12-12,3187.94,630.54,78.9,17.07,1894.23,204.7,108.79,-2091.39,1704.95
625,2018-12-13,3327.32,877.92,160.7,19.34,1522.35,243.8,205.88,-1923.97,1570.5
626,2018-12-14,4255.15,1041.44,81.8,29.24,2187.82,358.16,169.57,-3455.02,2621.58
627,2018-12-15,4560.86,866.09,537.7,20.36,2244.89,311.04,165.89,-3933.97,3136.96
628,2018-12-16,3676.98,909.49,174.8,17.35,1850.84,304.11,85.86,-2762.81,2148.37
629,2018-12-17,4035.0,783.86,367.4,13.51,2029.72,299.25,192.34,-2980.84,2406.85
630,2018-12-18,3516.42,761.22,160.7,21.57,1900.19,212.38,140.39,-2133.52,1719.04
631,2018-12-19,3290.98,797.74,276.5,31.51,1468.37,252.79,164.56,-2416.64,1767.9
632,2018-12-20,3893.06,809.73,160.7,26.4,2215.86,241.11,85.71,-2760.11,2038.77
633,2018-12-21,4697.29,737.71,217.7,30.01,2748.01,300.4,236.07,-3487.13,2696.13
634,2018-12-22,5367.89,747.53,365.4,28.39,3146.84,352.19,239.22,-4267.79,3435.88
635,2018-12-23,4070.49,715.46,81.8,24.09,2014.77,731.24,133.01,-3080.28,2318.61
636,2018-12-24,5134.9,1328.64,313.4,40.99,2465.55,370.87,161.22,-3345.05,2525.44
638,2018-12-26,5289.69,804.28,194.8,91.44,3080.62,426.09,113.06,-2756.6,2199.36
639,2018-12-27,4275.88,761.81,368.5,54.58,2005.83,494.42,201.71,-2989.22,2403.15
640,2018-12-28,4223.27,739.89,211.6,27.77,2283.64,423.87,152.16,-3299.11,2570.24
641,2018-12-29,4366.21,964.39,257.6,34.4,2303.46,302.77,106.28,-2694.08,1960.21
642,2018-12-30,4044.68,706.77,234.6,29.7,2243.51,317.23,144.91,-2366.08,1835.16
643,2018-12-31,4039.2,873.89,59.9,28.07,2134.28,385.62,189.9,-2930.42,2258.95
644,2019-01-01,2915.21,701.26,227.6,20.02,1289.48,305.92,117.08,-1629.74,1246.66
645,2019-01-02,3687.4,739.25,241.5,17.9,1893.02,320.88,139.32,-2556.37,1936.26
646,2019-01-03,3967.25,900.17,160.7,38.33,2044.43,312.15,152.49,-2814.31,2008.71
647,2019-01-04,4494.41,884.37,290.6,42.81,2322.28,379.95,165.46,-2954.22,2459.96
648,2019-01-05,4557.65,827.59,471.2,31.71,2313.45,430.73,68.26,-3358.53,2549.59
649,2019-01-06,3231.01,756.75,473.2,23.56,1253.49,284.01,146.06,-2350.92,1895.32
650,2019-01-07,3726.2,1012.68,227.6,29.68,1681.57,299.14,136.48,-2632.78,2036.46
651,2019-01-08,3469.96,701.2,163.3,21.57,1761.0,364.15,142.97,-2204.37,1633.09
652,2019-01-09,3764.11,839.39,65.9,38.34,2021.82,342.2,120.42,-2264.11,1814.74
653,2019-01-10,3691.88,721.27,59.9,32.95,2081.57,310.64,149.68,-2346.49,1923.46
654,2019-01-11,4397.32,899.92,301.4,35.53,2155.1,374.16,231.07,-3302.21,2632.94
655,2019-01-12,4673.21,907.44,386.4,48.5,2422.72,323.29,159.71,-3551.08,2969.46
656,2019-01-13,3297.69,737.25,166.7,19.08,1612.12,319.55,146.06,-2413.06,1956.56
657,2019-01-14,3949.15,783.54,304.6,22.35,2100.23,260.52,118.59,-2739.03,1863.85
658,2019-01-15,3978.43,828.23,384.5,43.41,1838.74,345.16,176.4,-2766.57,2015.65
659,2019-01-16,3748.52,775.52,159.7,19.24,1968.46,350.89,133.61,-2299.41,1875.53
660,2019-01-17,3433.77,631.65,318.5,33.08,1623.17,403.56,115.31,-2444.31,2086.9
661,2019-01-18,4589.93,980.95,226.6,26.46,2403.2,303.78,231.35,-3654.79,2865.16
662,2019-01-19,5668.75,977.4,460.2,41.34,3030.05,418.44,225.63,-4018.61,3141.91
663,2019-01-20,3541.16,557.67,486.0,40.29,1696.92,315.96,122.15,-2708.66,2205.27
664,2019-01-21,3947.91,782.7,407.1,20.16,1950.54,290.77,137.43,-2795.49,2087.83
665,2019-01-22,3454.43,740.16,0.0,15.65,1868.22,402.95,113.16,-2352.06,1851.69
666,2019-01-23,3173.04,578.04,210.7,32.32,1701.14,215.62,146.47,-2367.46,1890.22
667,2019-01-24,3900.03,690.44,465.2,25.73,1840.25,342.06,181.54,-2812.7,2171.15
668,2019-01-25,3654.51,583.04,231.6,25.45,2122.84,278.94,182.76,-2533.5,1991.88
669,2019-01-26,4304.69,832.82,78.9,25.32,2418.38,413.65,144.0,-3369.59,2597.0
670,2019-01-27,3576.91,651.52,504.9,21.57,1619.72,351.19,100.32,-2845.23,2275.21
671,2019-01-28,3691.1,855.21,405.19,24.85,1625.43,317.47,127.21,-2591.1,2286.0
672,2019-01-29,4101.66,861.87,370.5,23.43,1882.89,463.43,126.33,-2378.23,1915.06
673,2019-01-30,3572.46,743.1,185.7,34.31,1644.49,503.07,144.24,-2590.61,2101.57
674,2019-01-31,4048.08,866.99,319.4,15.79,1866.6,444.82,166.21,-2669.2,2035.84
675,2019-02-01,4574.03,1071.59,314.6,44.48,2118.84,395.63,212.73,-3308.91,2529.93
676,2019-02-02,4409.39,923.47,144.3,44.63,2240.2,332.55,179.3,-3144.27,2461.65
677,2019-02-03,3143.29,668.21,100.0,28.98,1624.32,306.1,129.69,-2183.83,1740.35
678,2019-02-04,2714.14,650.06,79.9,62.64,1274.19,343.41,56.99,-1966.12,1462.41
679,2019-02-05,4332.26,727.8,659.77,19.24,1994.31,341.48,195.55,-3214.84,2544.29
680,2019-02-06,4591.11,915.89,468.2,26.67,2290.57,320.12,151.92,-3342.92,2634.22
681,2019-02-07,5841.24,1246.3,1003.6,32.55,2478.44,391.95,157.05,-4927.02,3804.33
682,2019-02-08,5624.46,1098.66,645.0,22.85,2538.63,532.84,274.79,-4304.34,3222.71
683,2019-02-09,2290.88,610.39,0.0,21.56,1164.26,192.58,93.64,-1500.19,1131.56
684,2019-02-10,3965.37,704.34,336.5,21.86,2190.14,261.34,90.42,-2865.27,2228.73
685,2019-02-11,3010.03,705.82,153.5,20.26,1331.94,309.18,215.45,-2393.77,1712.28
686,2019-02-12,3201.24,729.97,0.0,26.85,1777.19,267.88,108.04,-2194.62,1747.98
687,2019-02-13,3763.48,694.64,215.8,25.75,2107.31,293.95,114.89,-2899.47,2321.56
688,2019-02-14,3984.81,614.63,323.5,41.69,2127.87,283.27,231.27,-2801.41,2120.41
689,2019-02-15,5241.03,824.59,490.4,35.02,2843.09,326.25,245.22,-4393.7,3550.05
690,2019-02-16,3701.31,869.55,379.95,51.14,1673.37,206.83,185.21,-2760.67,2023.69
691,2019-02-17,3747.42,691.38,457.3,36.64,1772.24,312.56,136.39,-2952.44,2286.72
692,2019-02-18,3854.51,722.8,74.6,43.3,2141.28,321.9,199.9,-2923.82,2331.51
693,2019-02-19,3435.53,755.54,386.5,17.07,1561.6,249.26,152.95,-2842.2,2141.2
694,2019-02-20,3591.93,600.17,335.5,27.65,1932.44,229.32,140.03,-2799.37,2114.84
695,2019-02-21,4341.84,877.92,294.5,31.56,2158.18,371.73,212.89,-3634.18,2773.91
696,2019-02-22,4304.93,863.76,213.7,17.25,2257.5,308.27,252.85,-3487.13,2542.93
697,2019-02-23,4897.91,864.0,476.4,41.54,2634.41,323.67,112.22,-3643.91,2571.99
698,2019-02-24,3061.94,439.23,138.8,20.31,1766.97,312.73,105.35,-2513.36,1800.08
699,2019-02-25,4435.36,873.56,396.1,36.55,2139.59,376.09,209.93,-2994.06,2202.23
700,2019-02-26,3640.69,752.83,302.4,21.19,1871.82,240.12,121.06,-2867.0,2172.14
701,2019-02-27,4466.86,709.76,0.0,26.25,2948.39,251.01,125.04,-3967.5,3007.39
702,2019-02-28,4154.27,681.01,318.6,56.91,2211.5,325.62,182.66,-2870.79,2284.99
703,2019-03-01,5144.82,1108.19,303.6,23.1,2553.12,366.18,322.57,-3699.93,2903.98
704,2019-03-02,4967.47,1315.88,430.3,51.18,2223.49,290.32,204.41,-3944.41,3142.57
705,2019-03-03,3478.47,592.14,160.7,33.49,1796.12,374.77,204.78,-2519.84,1931.24
706,2019-03-04,4276.68,680.65,235.3,19.51,2548.79,253.96,149.27,-3035.3,2254.93
707,2019-03-05,3999.64,875.19,327.6,29.34,1976.57,311.1,115.95,-2699.08,2069.54
708,2019-03-06,3095.3,597.63,220.6,22.46,1623.42,258.95,88.79,-2136.37,1596.1
709,2019-03-07,3811.44,863.09,281.5,42.71,1728.71,302.61,246.06,-3094.17,2469.6
710,2019-03-08,4561.64,847.99,159.7,30.77,2535.09,404.56,168.5,-3866.29,2975.88
711,2019-03-09,4395.0,712.77,378.5,46.96,2299.1,392.67,165.14,-3129.91,2437.95
712,2019-03-10,3055.85,703.31,78.9,30.89,1675.34,174.12,115.25,-2308.4,1699.03
713,2019-03-11,4202.41,896.14,163.8,27.68,2334.02,235.51,162.94,-3413.65,2567.62
714,2019-03-12,3823.11,792.55,240.6,28.78,1836.99,319.43,256.88,-2735.56,2086.1
715,2019-03-13,3536.16,593.36,321.6,50.97,1784.88,277.54,186.02,-2926.92,2209.75
716,2019-03-14,4064.47,899.76,277.5,29.43,2071.08,258.99,157.93,-2842.46,2118.85
717,2019-03-15,5028.89,1127.24,302.4,34.22,2520.72,368.62,218.1,-4005.26,3061.84
718,2019-03-16,4223.65,944.83,250.6,29.35,2077.44,401.01,186.15,-2811.41,2116.11
719,2019-03-17,4170.99,699.21,708.9,37.15,1938.58,242.4,165.27,-3663.82,2790.13
720,2019-03-18,3684.71,768.91,248.7,37.32,1713.93,429.5,151.06,-2117.9,1567.15
721,2019-03-19,4256.79,919.35,78.9,55.59,2266.59,383.19,135.89,-2994.77,2294.33
722,2019-03-20,4399.72,833.7,417.4,63.56,2207.51,344.15,133.1,-3465.27,2626.42
723,2019-03-21,3773.23,892.43,0.0,39.83,2008.35,320.32,168.97,-2551.36,1929.02
724,2019-03-22,4619.21,812.99,357.5,49.43,2298.68,429.91,250.48,-3622.17,2790.57
725,2019-03-23,4759.84,983.86,344.4,31.24,2510.41,334.28,122.58,-4122.98,3142.77
726,2019-03-24,3159.0,711.96,292.7,29.98,1554.69,206.27,75.99,-2685.94,2001.1
727,2019-03-25,5574.46,879.98,627.7,56.17,2975.36,312.48,214.98,-4151.13,3226.96
728,2019-03-26,4657.96,978.37,142.6,40.6,2602.44,351.39,118.82,-3503.83,2540.96
729,2019-03-27,3051.2,663.24,245.3,19.81,1422.61,284.72,140.08,-2390.52,1846.78
730,2019-03-28,3839.91,938.17,0.0,49.25,2145.7,257.67,99.75,-2849.82,2150.32
731,2019-03-29,5061.26,994.23,553.0,36.42,2512.37,334.38,170.45,-4279.1,3284.85
732,2019-03-30,4569.45,905.52,480.3,47.55,2310.7,292.69,117.0,-3328.17,2607.89
733,2019-03-31,3759.13,519.0,418.7,44.2,2146.36,189.93,98.95,-2329.06,1748.91
734,2019-04-01,5244.95,1002.9,308.5,47.42,2727.32,506.32,175.24,-4121.6,3124.66
735,2019-04-02,3996.82,781.04,154.0,34.16,2144.5,363.27,156.24,-2755.26,2314.62
736,2019-04-03,3683.87,865.22,319.4,32.52,1638.56,329.13,172.34,-3189.48,2462.46
737,2019-04-04,4428.55,795.97,165.8,27.31,2556.95,279.72,199.87,-2925.48,2271.1
738,2019-04-05,5175.63,999.6,600.1,49.76,2568.11,274.59,212.69,-4322.77,3271.61
739,2019-04-06,4441.29,886.09,181.7,33.51,2374.7,368.48,195.72,-2487.39,1783.86
740,2019-04-07,3649.07,687.57,556.8,32.34,1634.13,257.79,148.46,-2775.02,2166.8
741,2019-04-08,3781.24,619.67,220.8,42.24,2058.71,339.87,155.9,-2686.7,1970.22
742,2019-04-09,4507.51,830.13,486.6,32.11,2383.62,231.9,133.12,-3371.87,2491.47
743,2019-04-10,4074.36,847.5,484.1,20.98,1869.1,338.63,143.41,-3348.85,2561.41
744,2019-04-11,4676.88,809.05,511.9,32.91,2419.11,311.39,173.09,-3973.56,2856.42
745,2019-04-12,5013.09,970.14,239.3,32.45,2775.52,341.34,198.29,-3551.29,2718.81
746,2019-04-13,4646.36,817.76,238.1,29.54,2381.85,470.77,285.62,-3408.73,2609.74
747,2019-04-14,3702.49,702.22,375.0,21.95,1826.51,303.58,136.4,-3089.44,2338.01
748,2019-04-15,4359.41,805.1,272.2,39.73,2204.94,475.07,163.74,-3486.05,2635.17
749,2019-04-16,3588.82,716.76,303.4,29.92,1705.92,291.63,84.98,-2537.61,1959.72
750,2019-04-17,4531.42,1012.82,245.1,39.48,2398.54,280.08,143.16,-3431.33,2749.42
751,2019-04-18,3387.43,1000.24,105.4,31.17,1490.05,296.75,155.73,-2357.92,1761.22
752,2019-04-19,4549.51,941.85,248.5,38.13,2398.75,300.89,207.52,-3229.43,2351.26
753,2019-04-20,4337.41,955.14,483.1,50.84,1778.58,470.54,204.55,-3213.68,2460.93
754,2019-04-21,3243.22,521.25,161.7,30.47,1793.99,354.77,85.97,-2616.16,2020.92
755,2019-04-22,4382.28,777.57,218.6,51.06,2369.23,380.63,186.5,-3282.15,2233.5
756,2019-04-23,4001.93,774.16,155.3,34.51,2009.62,417.24,236.12,-2999.81,2219.28
757,2019-04-24,3741.32,670.82,155.8,42.21,1977.63,400.55,153.87,-2661.35,2112.33
758,2019-04-25,5030.01,962.92,284.7,37.21,2777.3,265.56,247.75,-3910.74,2963.25
759,2019-04-26,4827.95,907.5,150.7,34.72,2722.18,327.21,246.41,-4469.42,3436.81
760,2019-04-27,4421.54,1137.32,343.5,42.1,1764.08,481.13,251.1,-3221.54,2503.35
761,2019-04-28,4515.34,797.55,731.2,30.32,2138.86,265.4,141.28,-4168.85,3009.56
762,2019-04-29,3557.74,666.93,154.4,29.43,1811.57,344.19,227.52,-2591.46,1957.13
763,2019-04-30,4152.99,728.62,221.6,21.78,2236.38,400.87,165.91,-3322.22,2556.1
764,2019-05-01,4919.98,950.42,232.6,31.84,2689.09,393.15,174.34,-4118.46,3096.34
765,2019-05-02,4814.85,922.81,323.4,53.44,2390.95,430.55,255.7,-4070.09,3100.9
766,2019-05-03,5178.76,994.64,141.8,38.26,2809.21,526.63,196.09,-3472.57,2631.62
767,2019-05-04,4303.11,1009.6,239.4,43.31,2143.19,298.39,177.72,-3262.16,2495.78
768,2019-05-05,3378.04,620.33,82.7,25.09,1891.08,355.86,95.63,-2046.4,1557.72
769,2019-05-06,4099.66,917.11,335.3,40.05,2025.09,274.04,140.55,-3016.23,2373.53
770,2019-05-07,4606.0,1072.26,651.8,42.02,1829.24,360.76,230.5,-3181.21,2396.52
771,2019-05-08,3681.13,865.03,250.7,33.01,1739.48,259.07,209.64,-2558.54,1966.03
772,2019-05-09,3624.36,922.91,238.5,32.77,1578.01,312.74,209.64,-2359.64,1796.28
773,2019-05-10,5070.91,1066.49,403.8,48.3,2464.29,403.79,234.89,-3763.97,2881.95
774,2019-05-11,4178.4,938.29,248.1,29.02,1990.41,353.95,238.48,-2974.15,2263.34
775,2019-05-12,3170.4,793.01,59.9,17.37,1547.67,355.54,108.47,-1938.84,1413.95
776,2019-05-13,4202.03,723.68,391.9,27.28,2013.54,336.18,327.18,-3407.39,2589.04
777,2019-05-14,3808.1,744.31,234.6,34.68,1908.72,404.11,135.23,-2298.33,1670.04
778,2019-05-15,4308.51,915.98,475.4,23.54,1969.95,381.95,150.63,-3789.74,2887.73
779,2019-05-16,3948.19,882.76,401.1,36.56,1687.33,401.26,180.0,-3112.77,2446.7
780,2019-05-17,4988.9,1028.08,369.5,25.38,2503.29,374.76,225.51,-3743.55,2850.91
781,2019-05-18,5134.75,898.2,299.3,46.41,2774.82,433.67,215.17,-3699.12,2877.9
782,2019-05-19,3484.74,796.07,380.3,36.69,1485.72,345.34,139.46,-2865.58,2304.93
783,2019-05-20,3982.23,830.47,244.0,18.5,1991.46,389.8,144.66,-2845.1,2229.02
784,2019-05-21,3929.08,785.49,105.4,51.5,2160.96,356.62,111.64,-2629.04,2008.85
785,2019-05-22,3820.71,828.04,343.7,19.8,1764.71,345.79,161.84,-2577.03,1898.41
786,2019-05-23,4819.86,831.23,583.0,36.67,2262.23,455.17,213.08,-3219.43,2463.39
787,2019-05-24,5349.56,1220.53,294.5,40.53,2690.31,364.3,269.75,-4339.75,3325.77
788,2019-05-25,4895.68,1118.7,627.0,17.31,2281.35,275.66,130.35,-3387.12,2537.39
789,2019-05-26,3355.53,775.38,177.7,45.4,1601.72,253.12,195.89,-2464.24,1772.37
790,2019-05-27,4771.29,1215.3,307.5,28.56,2132.63,448.04,219.18,-3374.01,2574.99
791,2019-05-28,4133.83,726.95,388.6,21.31,2211.8,275.73,133.36,-2902.58,2255.88
792,2019-05-29,3815.79,870.03,342.9,25.66,1938.98,187.92,103.15,-2733.95,2089.82
793,2019-05-30,3998.29,819.16,0.0,34.44,2089.78,477.03,214.09,-2896.38,2187.65
794,2019-05-31,5002.15,1227.04,477.1,47.34,2082.59,467.55,245.43,-3706.24,2825.08
795,2019-06-01,5689.54,1183.02,883.2,46.14,2506.33,356.46,196.86,-4280.81,3297.59
796,2019-06-02,3979.49,815.79,221.6,32.31,2158.37,243.75,145.61,-3193.6,2514.62
797,2019-06-03,4237.67,1118.45,235.1,30.7,1981.5,385.64,100.74,-3673.03,2945.78
798,2019-06-04,4409.02,871.03,0.0,22.72,2490.95,427.51,191.68,-2686.9,1973.27
799,2019-06-05,4705.69,930.46,135.7,34.2,2579.54,434.22,163.21,-3495.4,2454.27
800,2019-06-06,4655.42,949.01,307.1,36.41,2277.26,378.53,283.27,-3256.44,2467.59
801,2019-06-07,6241.68,997.52,546.2,47.52,3309.76,499.71,216.89,-4308.67,3359.06
802,2019-06-08,5260.14,881.77,557.1,21.11,2807.87,286.09,227.69,-3813.02,2937.31
803,2019-06-09,4510.62,1015.14,492.0,43.87,1898.49,454.97,195.78,-3631.37,2768.47
804,2019-06-10,4307.62,1109.96,85.9,31.0,2110.14,367.97,217.58,-3124.75,2477.61
805,2019-06-11,3876.05,968.76,0.0,34.86,1894.83,443.43,181.56,-2650.67,1959.16
806,2019-06-12,4720.4,958.83,438.8,27.13,2284.52,359.33,222.34,-3327.87,2562.71
807,2019-06-13,3779.65,1015.49,249.0,24.92,1650.46,278.05,223.78,-2691.82,2110.34
808,2019-06-14,5329.2,1083.64,440.8,48.02,2602.4,405.47,264.02,-4174.07,3273.55
809,2019-06-15,5912.23,1031.48,563.2,55.17,3143.78,407.6,173.16,-4757.13,3651.89
810,2019-06-16,3945.1,623.83,483.8,27.93,2077.4,272.92,100.32,-2922.02,2291.19
811,2019-06-17,4246.96,1025.41,242.5,28.46,2039.02,350.33,174.85,-2916.43,2264.13
812,2019-06-18,4446.52,817.32,425.1,33.87,2255.14,348.91,161.67,-3302.99,2515.96
813,2019-06-19,3575.16,828.05,0.0,28.68,2069.62,175.79,147.81,-2370.44,1770.04
814,2019-06-20,5143.69,1126.35,478.3,34.43,2446.43,417.02,173.19,-4255.99,2730.65
815,2019-06-21,5161.31,1092.65,514.2,59.05,2484.54,302.7,238.63,-3729.21,2868.58
816,2019-06-22,4728.4,941.18,318.4,24.03,2436.21,384.91,183.53,-3616.17,2759.6
817,2019-06-23,3492.04,601.37,161.7,15.73,1824.73,416.32,154.56,-2717.6,1964.11
818,2019-06-24,4505.11,859.67,293.1,49.22,2348.04,396.66,148.51,-3501.86,2600.36
819,2019-06-25,3625.35,811.46,304.3,35.17,1702.86,317.43,124.34,-2481.93,1982.44
820,2019-06-26,4497.42,993.73,79.9,23.01,2478.95,352.73,159.96,-3617.33,2791.73
821,2019-06-27,5048.04,1241.96,437.2,55.23,2274.9,375.78,203.8,-4220.8,3210.86
822,2019-06-28,5804.65,1018.14,729.7,38.76,2789.33,409.24,291.46,-4795.38,3694.47
823,2019-06-29,5269.3,1018.16,383.5,32.8,2715.85,444.48,195.04,-3789.66,2935.43
824,2019-06-30,3933.56,777.99,324.3,43.71,1901.04,409.02,119.66,-3383.47,2562.28
825,2019-07-01,4124.5,790.17,321.5,35.39,1967.16,446.05,188.98,-2983.01,2250.98
826,2019-07-02,4408.87,968.03,82.7,33.33,2214.86,513.05,195.74,-3198.74,2306.09
827,2019-07-03,5298.3,1038.57,481.1,47.16,2531.25,552.97,165.21,-4832.64,3693.23
828,2019-07-04,4449.87,1066.98,247.6,22.06,2185.33,315.3,207.8,-3459.75,2810.43
829,2019-07-05,5503.19,892.1,260.7,36.81,3040.7,563.05,152.71,-3944.18,3017.27
830,2019-07-06,4973.5,1026.19,159.5,28.09,2517.43,472.55,317.18,-3708.35,2870.84
831,2019-07-07,3541.23,732.7,610.39,22.37,1510.6,228.21,114.79,-2464.69,1900.65
832,2019-07-08,4762.85,1244.8,263.5,23.85,2191.8,370.31,235.26,-3232.6,2467.32
833,2019-07-09,4398.25,954.36,607.4,34.39,2075.96,220.09,105.91,-3374.08,2575.97
834,2019-07-10,5191.48,859.87,919.4,30.01,2331.7,391.77,186.44,-4091.36,3140.5
835,2019-07-11,4279.25,888.13,424.0,32.2,1967.71,334.71,247.33,-3032.3,2293.28
836,2019-07-12,4903.79,1095.58,250.4,31.82,2562.88,333.39,183.54,-4023.66,3027.79
837,2019-07-13,5462.6,950.17,647.3,41.67,2620.05,493.41,213.01,-4362.45,3212.49
838,2019-07-14,4250.3,930.86,232.0,29.8,2256.49,260.17,154.23,-3150.2,2377.98
839,2019-07-15,5396.34,1052.68,271.2,36.04,3025.94,341.09,178.49,-4051.5,3107.49
840,2019-07-16,5003.12,824.56,233.5,35.91,2883.05,386.55,184.37,-3592.42,2750.95
841,2019-07-17,3567.05,777.69,220.7,15.55,1759.72,319.38,149.42,-2851.94,2184.28
842,2019-07-18,4471.06,1004.0,229.4,20.91,2294.35,434.15,183.12,-3354.43,2577.13
843,2019-07-19,5885.48,865.22,465.7,29.77,3285.13,456.22,248.03,-4769.93,3626.51
844,2019-07-20,5096.68,931.49,324.7,32.56,2723.36,415.73,63.05,-3367.38,2500.71
845,2019-07-21,4152.99,794.9,332.5,28.53,2119.23,338.93,161.13,-3657.9,2727.83
846,2019-07-22,4885.26,1098.35,442.1,31.68,2405.73,332.58,130.31,-3255.57,2477.08
847,2019-07-23,3365.39,819.48,262.1,20.56,1403.18,410.8,143.02,-2503.36,1938.66
848,2019-07-24,3618.02,889.57,161.8,35.45,1838.19,226.7,137.09,-2417.78,1858.88
849,2019-07-25,4960.23,1126.45,163.7,28.55,2587.11,342.99,260.14,-3848.55,2784.55
850,2019-07-26,5394.5,1092.32,406.9,48.14,2621.74,437.13,297.48,-4387.4,3290.19
851,2019-07-27,4599.59,1010.27,157.5,29.65,2446.2,399.35,138.1,-3583.06,2808.18
852,2019-07-28,4039.58,803.48,157.5,44.96,2304.08,232.56,129.5,-2909.83,2119.26
853,2019-07-29,4181.24,828.43,289.9,40.88,2192.74,299.75,149.11,-3378.12,2395.03
854,2019-07-30,5512.4,972.36,439.1,45.51,3111.73,268.05,188.17,-4143.28,3189.58
855,2019-07-31,4294.91,750.97,501.7,31.66,2104.88,342.11,172.84,-3294.36,2670.89
856,2019-08-01,4673.05,863.5,347.6,59.83,2250.56,464.3,262.02,-3287.24,2493.9
857,2019-08-02,6515.27,1063.25,332.5,43.68,3543.98,626.26,312.93,-5289.19,4069.04
858,2019-08-03,4796.07,914.04,560.7,44.87,2172.69,363.5,303.89,-3479.3,2600.33
859,2019-08-04,3593.92,693.49,406.6,39.28,1613.43,365.01,149.12,-2933.86,2181.84
860,2019-08-05,4609.38,861.82,216.3,49.49,2548.54,365.19,148.64,-3357.5,2569.18
861,2019-08-06,4207.54,801.58,478.9,26.41,2104.14,278.62,135.06,-3037.42,2334.29
862,2019-08-07,4942.97,876.01,121.8,24.24,2905.03,368.33,197.83,-3504.04,2734.18
863,2019-08-08,5221.19,1089.72,533.4,29.41,2551.44,323.69,218.52,-4248.36,3189.71
864,2019-08-09,5469.78,854.08,465.8,48.89,3039.56,398.39,165.4,-4378.07,3337.6
865,2019-08-10,5123.57,1084.54,783.2,32.39,2107.07,443.03,207.13,-4249.3,3228.87
866,2019-08-11,3732.68,668.63,76.8,32.34,2119.89,352.57,142.88,-2599.6,1877.37
867,2019-08-12,4279.26,819.39,244.66,29.82,2386.68,316.78,152.5,-2791.44,2122.2
868,2019-08-13,4860.99,908.47,661.1,31.47,2233.33,368.72,215.63,-3540.87,2800.99
869,2019-08-14,3821.07,724.2,445.8,42.39,1731.52,313.92,215.6,-3160.96,2346.87
870,2019-08-15,4410.05,1085.02,270.5,32.76,1998.07,406.67,215.83,-3705.96,2843.67
871,2019-08-16,4329.72,947.95,169.5,33.95,2229.73,394.65,159.93,-3174.57,2503.45
872,2019-08-17,4016.68,858.7,308.0,43.39,1956.15,328.3,156.71,-2935.22,2240.1
873,2019-08-18,4345.05,844.56,380.8,29.27,2222.15,337.6,135.39,-3334.41,2417.72
874,2019-08-19,4097.74,880.69,266.8,18.16,2141.37,231.61,186.26,-3327.64,2388.39
875,2019-08-20,4567.37,767.66,247.1,29.48,2534.75,419.5,160.1,-3100.95,2337.37
876,2019-08-21,5004.64,794.95,268.78,21.48,2976.66,274.9,212.61,-3625.84,2452.31
877,2019-08-22,4936.64,981.3,920.3,40.54,2015.42,316.63,213.37,-3970.21,2977.3
878,2019-08-23,5555.68,908.23,605.9,35.57,2951.8,404.73,144.04,-4342.03,3346.2
879,2019-08-24,4363.67,815.98,2223.0,47.58,2370.77,343.22,166.83,-3400.95,2637.04
880,2019-08-25,3461.59,705.74,252.6,55.41,1678.0,292.97,161.91,-2275.3,1798.61
881,2019-08-26,4260.69,1059.41,83.6,41.81,2204.77,320.96,162.45,-3145.23,2442.09
882,2019-08-27,4081.99,724.19,0.0,25.96,2466.61,325.71,168.1,-3001.89,2304.53
883,2019-08-28,3781.58,691.07,548.89,40.0,1719.75,292.81,145.06,-3016.4,2308.24
884,2019-08-29,3942.75,749.9,236.1,16.24,2020.79,381.76,139.0,-2663.09,1983.8
885,2019-08-30,5394.14,953.9,603.5,24.52,2774.26,409.58,137.67,-3854.04,2912.16
886,2019-08-31,4292.19,879.93,324.9,48.16,2141.64,287.9,217.18,-3342.05,2565.01
887,2019-09-01,3546.58,896.25,161.2,20.54,2126.67,153.64,165.66,-2975.31,2231.0
888,2019-09-02,4337.69,921.13,309.2,40.22,2002.47,466.68,203.35,-3479.4,2662.49
889,2019-09-03,4281.67,846.91,232.6,23.44,2059.58,260.35,169.31,-2656.16,2031.03
890,2019-09-04,3827.74,894.85,322.2,30.56,1709.31,341.01,181.58,-3276.13,2482.18
891,2019-09-05,4871.28,832.33,736.1,41.02,2354.34,281.95,182.44,-3991.17,3049.15
892,2019-09-06,5318.86,990.44,710.4,22.02,2525.44,387.06,199.61,-4312.77,3315.92
893,2019-09-07,4559.12,1052.79,0.0,31.92,2431.93,486.71,140.96,-3366.6,2496.87
894,2019-09-08,3316.9,633.65,466.5,35.11,1587.4,177.26,115.16,-2566.64,2173.36
895,2019-09-09,3859.0,922.07,214.5,32.78,1828.52,345.47,164.21,-2196.07,2170.97
896,2019-09-10,3913.16,1096.31,0.0,30.71,1742.16,426.66,278.15,-2560.56,2040.46
897,2019-09-11,3553.92,759.39,169.0,22.91,1766.24,361.83,151.21,-2635.37,2025.44
898,2019-09-12,3876.85,755.39,555.2,44.93,1738.52,311.42,118.6,-2882.58,2268.2
899,2019-09-13,4911.83,1070.81,386.4,62.61,2272.09,452.41,228.76,-3536.86,2681.87
900,2019-09-14,4727.92,1183.89,170.3,42.15,2214.79,489.06,197.65,-4058.45,3023.26
901,2019-09-15,2867.6,665.38,162.7,15.99,1417.03,258.99,86.59,-2106.79,1562.58
902,2019-09-16,4258.01,871.84,307.1,29.9,2109.18,385.75,166.79,-2472.94,1848.21
903,2019-09-17,4432.17,954.57,776.6,21.34,1811.74,325.33,129.32,-3271.39,2514.84
904,2019-09-18,3506.32,776.58,235.5,30.12,1683.4,305.18,156.46,-2461.24,1888.33
905,2019-09-19,3512.68,847.51,406.2,29.33,1390.55,300.9,219.37,-2571.43,1958.91
906,2019-09-20,4564.98,932.66,432.3,33.43,2115.16,404.8,213.25,-3391.76,2664.09
907,2019-09-21,4808.53,1172.55,258.1,64.38,2476.58,200.99,198.47,-3742.51,2841.6
908,2019-09-22,2694.21,580.13,177.2,16.77,1290.57,244.16,140.21,-2442.78,1900.45
909,2019-09-23,4009.89,939.32,556.8,37.83,1680.67,263.76,166.67,-3351.08,2520.67
910,2019-09-24,3885.96,761.41,226.2,43.61,2025.38,313.21,162.53,-2985.86,2163.36
911,2019-09-25,3539.07,829.85,364.1,42.21,1486.99,353.07,140.81,-2730.11,2064.34
912,2019-09-26,4131.23,813.9,152.6,35.82,2118.45,431.15,203.43,-3301.39,2531.93
913,2019-09-27,5637.29,649.0,159.49,22.39,3730.48,402.5,160.62,-4194.12,3248.57
914,2019-09-28,5751.91,1006.94,249.9,47.83,3357.31,381.27,177.38,-4409.86,3438.16
915,2019-09-29,3276.16,341.65,417.5,22.76,1697.94,336.83,161.4,-2795.87,2188.63
916,2019-09-30,6582.32,757.9,572.2,25.16,4114.27,346.84,167.25,-5559.51,4554.09
917,2019-10-01,4969.73,714.82,144.4,39.1,3195.24,265.43,158.64,-3842.47,2907.68
918,2019-10-02,4116.16,809.78,623.9,42.75,1823.7,270.89,168.56,-2931.63,2221.51
919,2019-10-03,5505.64,988.82,292.4,37.82,3108.9,343.92,233.08,-4427.53,3391.48
920,2019-10-04,6677.48,904.43,632.0,29.2,3750.22,575.93,206.16,-5608.1,4826.18
921,2019-10-05,4944.82,963.45,518.2,51.38,2422.78,301.16,237.95,-4064.72,3356.37
922,2019-10-06,3768.93,842.16,314.7,33.99,1874.41,259.39,101.43,-2888.83,2372.74
923,2019-10-07,6189.94,673.1,309.1,19.06,4077.73,390.41,165.51,-4647.65,3337.17
924,2019-10-08,5919.73,709.9,157.4,22.05,3951.99,385.64,154.32,-5096.77,3894.25
925,2019-10-09,9580.33,756.94,404.2,19.85,7104.63,282.22,141.25,-8116.3,6536.38
926,2019-10-10,5207.66,898.58,312.3,32.49,2942.97,399.45,140.14,-3783.2,2890.79
927,2019-10-11,3555.77,845.85,452.8,21.61,1376.54,342.31,193.11,-2571.66,1941.19
928,2019-10-12,3146.96,852.14,406.0,14.1,1083.58,350.4,154.42,-2206.4,1692.86
929,2019-10-13,2498.17,688.77,396.5,25.92,718.08,293.15,148.43,-2278.1,1795.63
930,2019-10-14,3292.17,809.38,224.3,27.35,1511.94,279.68,224.68,-2360.7,1837.52
931,2019-10-15,3353.43,854.74,420.8,12.93,1554.38,247.71,157.79,-2693.35,1995.53
932,2019-10-16,3102.92,860.06,300.2,34.48,1138.77,311.32,175.38,-2116.8,1673.69
933,2019-10-17,3083.82,786.42,384.7,17.45,1018.62,334.43,261.58,-2364.69,1897.29
934,2019-10-18,3789.39,927.54,311.7,20.69,1510.41,418.35,255.94,-2582.56,1982.73
935,2019-10-19,3273.32,794.83,375.9,22.78,1201.56,392.52,187.88,-2414.36,1778.03
936,2019-10-20,2188.4,729.6,280.1,17.8,587.82,249.61,124.33,-1788.17,1397.16
937,2019-10-21,3880.31,861.73,165.4,9.13,1977.14,320.79,193.14,-2617.15,1977.03
938,2019-10-22,3151.87,673.88,305.5,20.58,1462.54,237.79,181.42,-1829.18,1190.31
939,2019-10-23,3761.02,889.34,483.6,28.6,1553.75,298.55,115.64,-2656.6,1883.11
940,2019-10-24,3364.62,836.24,323.8,36.98,1417.05,280.46,163.9,-2442.23,1818.43
941,2019-10-25,3509.91,1064.0,80.9,32.95,1371.44,471.39,169.8,-2567.24,1972.48
942,2019-10-26,3963.22,801.8,508.1,38.71,1787.9,267.56,198.56,-3413.13,2670.75
943,2019-10-27,2370.68,733.93,78.5,30.72,845.26,329.91,138.79,-1839.37,1392.65
944,2019-10-28,3216.8,854.6,470.1,11.45,1192.08,222.26,173.58,-2583.98,1958.76
945,2019-10-29,3189.75,838.24,81.8,26.63,1443.29,335.08,174.45,-2550.79,2004.0
946,2019-10-30,2670.73,718.87,80.9,19.14,1108.62,298.92,201.22,-1766.77,1300.98
947,2019-10-31,3818.52,999.32,246.3,35.39,1687.04,335.23,167.84,-2859.23,2234.58
948,2019-11-01,5101.93,919.21,471.5,45.62,2572.84,389.86,238.69,-3707.08,2835.31
949,2019-11-02,3433.18,903.69,84.5,29.46,1557.06,350.46,195.64,-2388.12,1759.52
950,2019-11-03,2625.39,836.55,61.9,25.68,919.17,353.91,188.22,-1730.88,1284.86
951,2019-11-04,3219.36,701.86,278.3,24.88,1623.91,198.53,98.95,-1759.08,1344.05
952,2019-11-05,3649.92,880.72,403.3,24.03,1501.37,332.11,174.64,-2631.44,2019.95
953,2019-11-06,2924.98,574.15,536.4,36.95,1099.64,247.89,163.81,-2082.4,1357.84
954,2019-11-07,3549.39,750.22,241.2,14.49,1633.99,375.04,211.55,-2559.25,1899.41
955,2019-11-08,3704.46,822.79,160.6,18.45,1732.75,441.85,190.96,-2507.82,1947.06
956,2019-11-09,3703.46,908.7,222.0,24.03,1627.27,461.03,123.42,-2579.63,1941.16
957,2019-11-10,3331.56,823.57,539.0,30.29,1189.35,321.45,124.75,-2629.5,2010.9
958,2019-11-11,3629.04,849.55,222.0,38.4,1731.48,304.02,153.14,-2768.6,2110.1
959,2019-11-12,3279.22,814.32,467.0,21.57,1289.79,229.39,158.8,-2307.41,1756.77
960,2019-11-13,3503.83,719.86,151.8,36.31,1833.6,246.49,196.99,-2030.99,1537.32
961,2019-11-14,2919.29,783.4,87.7,15.87,1332.31,284.87,149.5,-2163.92,1687.35
962,2019-11-15,3626.45,963.94,61.9,20.01,1763.65,286.24,200.72,-2503.73,1877.0
963,2019-11-16,3955.83,708.91,436.2,31.29,1654.93,540.41,224.15,-2970.44,2377.04
964,2019-11-17,3185.81,822.08,394.3,21.83,1208.92,314.59,134.24,-2372.5,1786.11
965,2019-11-18,3013.45,851.73,159.4,32.52,1283.79,282.62,129.15,-1952.73,1498.64
966,2019-11-19,3179.13,670.73,486.9,18.48,1165.93,381.02,166.83,-2634.3,2014.45
967,2019-11-20,3221.36,660.07,406.5,24.5,1408.97,246.97,181.23,-2472.47,1898.94
968,2019-11-21,3708.5,778.69,555.4,27.89,1597.67,259.14,152.28,-2699.46,2110.78
969,2019-11-22,4312.81,1062.52,246.3,18.77,2035.35,301.71,251.76,-3328.88,2553.46
970,2019-11-23,3942.02,843.45,224.0,32.44,2003.75,297.94,181.8,-2786.93,2043.73
971,2019-11-24,2817.45,856.36,163.0,21.58,1056.22,279.29,184.63,-2271.27,1687.88
972,2019-11-25,3841.4,682.78,159.4,31.63,2167.21,328.62,122.59,-2272.25,1564.23
973,2019-11-26,3436.95,649.96,411.6,23.29,1587.18,314.26,147.04,-2488.69,1847.08
974,2019-11-27,4534.54,914.65,202.7,19.84,2366.04,459.21,159.56,-2941.84,2164.91
975,2019-11-28,1960.39,491.36,80.9,22.58,890.9,188.09,108.14,-1312.47,1007.78
976,2019-11-29,5143.5,829.99,402.4,44.03,2862.84,407.23,129.14,-3933.42,3057.02
977,2019-11-30,4151.99,850.87,309.7,21.5,1925.85,414.27,252.06,-3161.89,2387.25
978,2019-12-01,3242.98,835.87,229.9,21.18,1325.86,403.61,123.99,-2212.13,1704.45
979,2019-12-02,3263.69,1055.72,250.8,21.76,1038.16,370.39,229.84,-2458.23,1892.6
980,2019-12-03,4015.48,751.09,421.9,26.04,1847.25,386.99,218.89,-3063.94,2292.35
981,2019-12-04,3785.68,818.88,486.3,17.07,1499.1,459.35,160.6,-2677.43,2031.44
982,2019-12-05,4041.68,816.18,344.1,29.8,1980.64,302.53,200.79,-2729.44,2064.16
983,2019-12-06,4714.34,923.24,290.0,30.83,2511.45,339.3,190.63,-3410.73,2617.55
984,2019-12-07,3260.36,910.09,362.1,19.45,1242.45,279.07,150.53,-2625.26,1816.48
985,2019-12-08,3060.29,867.31,253.5,28.61,1201.19,242.62,188.6,-2543.88,1962.83
986,2019-12-09,3591.02,740.87,144.4,40.89,1779.35,333.39,234.43,-2471.83,1097.8
987,2019-12-10,3028.91,648.65,84.5,14.85,1568.8,248.28,188.23,-2347.63,1801.58
988,2019-12-11,2905.39,722.04,246.8,13.32,1164.26,317.59,186.12,-2021.35,1525.94
989,2019-12-12,3808.71,679.98,400.7,17.23,1857.4,305.27,183.25,-3222.81,2307.43
990,2019-12-13,5434.3,840.01,748.4,44.32,2662.5,328.48,316.18,-4515.67,3469.08
991,2019-12-14,4214.02,601.09,532.5,15.68,2158.19,286.64,136.59,-3223.93,2479.97
992,2019-12-15,2905.31,595.72,81.8,18.04,1531.9,303.55,109.97,-1793.46,1482.19
993,2019-12-16,4791.35,862.53,155.2,33.09,2690.85,335.88,232.89,-3466.27,2540.74
994,2019-12-17,3896.28,662.74,544.7,31.66,1791.08,347.43,164.15,-2915.91,2264.55
995,2019-12-18,4209.24,928.38,560.8,44.29,1790.37,317.7,184.72,-3071.94,2348.2
996,2019-12-19,3603.96,705.22,147.6,39.68,1889.08,319.17,175.32,-2786.26,2198.64
997,2019-12-20,4241.59,839.92,222.6,25.39,2149.85,319.44,298.49,-3309.98,2536.22
998,2019-12-21,4044.68,739.81,77.6,28.73,2241.35,407.16,182.06,-2969.25,2335.16
999,2019-12-22,3679.9,861.55,334.4,25.72,1620.25,312.54,190.65,-2350.74,1689.62
1000,2019-12-23,4791.56,909.28,542.4,23.9,2243.62,460.68,175.75,-3645.25,2762.06
1001,2019-12-24,4179.01,962.62,361.3,18.35,1814.07,439.82,121.66,-2784.76,2120.37
1003,2019-12-26,5558.7,1170.61,242.7,30.77,2713.93,687.62,210.88,-3232.34,2086.3
1004,2019-12-27,3993.29,758.81,249.5,19.63,2103.1,317.08,181.88,-2941.27,2189.38
1005,2019-12-28,4184.18,875.61,361.7,35.71,1899.77,443.63,189.99,-2516.35,1920.5
1006,2019-12-29,3671.14,600.88,409.9,14.11,1856.56,330.16,125.55,-2571.05,1898.44
1007,2019-12-30,4304.04,824.44,402.1,37.59,2058.89,407.09,182.4,-3482.97,2838.48
1008,2019-12-31,5134.87,761.58,308.0,31.22,2940.23,448.68,177.97,-3608.85,2750.06
1009,2020-01-01,3348.17,703.71,179.5,27.23,1787.98,213.33,131.8,-2078.5,1799.09
1010,2020-01-02,3802.65,608.42,321.7,34.15,1956.89,346.15,189.37,-2506.62,1759.51
1011,2020-01-03,5463.45,1215.02,485.6,33.42,2599.01,402.91,255.3,-4084.6,3128.87
1012,2020-01-04,3039.44,784.4,166.3,31.18,1237.44,363.45,180.15,-1723.64,1204.62
1013,2020-01-05,3101.57,699.62,241.2,19.38,1441.2,270.98,147.04,-2001.55,1530.53
1014,2020-01-06,3045.69,866.53,304.1,25.1,1184.73,248.81,139.31,-2132.62,1615.67
1015,2020-01-07,3402.27,792.39,146.4,55.08,1568.98,361.52,174.07,-2342.21,1779.61
1016,2020-01-08,4176.17,727.45,363.3,19.86,2290.45,241.08,155.03,-3249.07,2366.32
1017,2020-01-09,3557.05,789.19,169.5,33.43,1640.11,452.97,155.77,-2822.08,2168.7
1018,2020-01-10,3876.12,773.59,252.9,39.55,2007.82,310.34,139.26,-3216.03,2392.34
1019,2020-01-11,4825.41,925.42,594.6,16.53,2206.52,399.52,186.58,-3629.46,2839.45
1020,2020-01-12,3765.37,796.07,372.3,18.09,1689.04,365.17,182.12,-2774.38,2169.06
1021,2020-01-13,3664.76,774.43,773.7,13.72,1285.84,315.12,171.42,-3329.05,2420.28
1022,2020-01-14,3018.67,593.01,74.5,31.06,1638.82,261.32,145.3,-2302.56,1725.37
1023,2020-01-15,3414.18,699.51,239.9,18.44,1689.45,266.81,72.5,-2078.14,1579.35
1024,2020-01-16,3041.42,702.48,80.9,23.89,1434.64,406.89,115.88,-2363.3,1746.17
1025,2020-01-17,4301.55,680.25,557.8,33.72,2064.79,340.02,233.62,-3751.46,2754.29
1026,2020-01-18,4492.16,999.11,396.6,44.94,2065.54,405.74,171.55,-2995.09,2244.21
1027,2020-01-19,2625.6,554.71,307.1,24.35,1087.43,247.27,165.84,-2020.55,1488.9
1028,2020-01-20,3715.31,790.0,316.1,27.13,1679.67,357.16,207.23,-2447.53,1971.26
1029,2020-01-21,3676.42,814.78,650.6,25.82,1362.87,285.28,202.63,-2670.61,2191.29
1030,2020-01-22,3728.89,759.9,400.9,26.71,1820.69,259.06,121.88,-2567.09,1823.03
1031,2020-01-23,3321.07,725.53,616.0,24.72,1161.59,298.82,192.25,-2434.8,1854.86
1032,2020-01-24,4931.58,883.66,451.0,15.74,2607.22,234.15,291.16,-3886.48,3272.72
1033,2020-01-25,4228.6,954.06,308.0,28.98,2031.53,316.24,205.01,-3276.13,2528.08
1034,2020-01-26,3238.72,613.48,331.6,17.62,1491.95,355.67,134.51,-2607.47,2018.59
1035,2020-01-27,5690.27,827.83,496.2,25.77,3359.63,235.95,227.4,-5690.27,4473.24
1036,2020-01-28,3007.89,703.99,81.8,29.09,1372.79,410.39,136.02,-1970.05,1473.68
1037,2020-01-29,2973.7,721.98,325.8,19.97,1203.5,283.28,148.57,-2144.11,1635.17
1038,2020-01-30,3202.6,838.06,330.8,33.81,1122.8,337.56,248.23,-2164.32,1668.66
1039,2020-01-31,4899.92,854.93,215.3,30.1,2670.71,438.33,244.86,-4019.85,2978.99
1040,2020-02-01,4059.16,990.53,161.4,31.5,1945.08,389.07,181.42,-3340.32,2512.01
1041,2020-02-02,3500.46,651.11,159.4,43.04,1802.19,332.95,193.28,-2571.19,2060.25
1042,2020-02-03,3097.03,822.56,382.54,23.86,1132.89,356.89,94.59,-2193.49,1482.5
1043,2020-02-04,3217.12,835.47,232.1,17.17,1426.62,237.21,175.83,-2447.05,1823.91
1044,2020-02-05,4133.21,945.59,489.9,40.25,1877.15,233.25,171.07,-2769.28,2039.12
1045,2020-02-06,4252.11,761.79,442.2,26.97,2051.13,362.41,220.54,-2967.54,2300.21
1046,2020-02-07,3771.55,736.25,251.3,28.42,1965.85,310.15,136.42,-2821.48,2191.38
1047,2020-02-08,4514.95,889.07,268.2,25.11,2362.08,364.94,194.77,-3359.84,2652.89
1048,2020-02-09,3688.25,909.9,237.1,44.88,1874.63,180.61,105.56,-3109.22,2396.69
1049,2020-02-10,4189.53,787.04,392.4,31.08,2103.27,321.23,178.73,-3094.37,2476.42
1050,2020-02-11,4254.0,678.6,161.8,20.56,2443.34,416.03,146.63,-2889.92,2200.77
1051,2020-02-12,2927.78,765.7,143.7,25.4,1135.38,350.58,240.6,-2298.46,1719.58
1052,2020-02-13,4138.82,793.77,241.4,25.05,2171.11,306.87,224.08,-3041.59,2361.85
1053,2020-02-14,5349.84,1042.05,426.9,29.83,2722.62,387.19,255.0,-4746.6,3253.47
1054,2020-02-15,4796.88,813.11,239.9,34.57,2664.31,326.77,281.8,-3661.19,2456.48
1055,2020-02-16,3978.89,681.1,312.1,23.89,2045.72,405.1,148.96,-2676.05,2039.85
1056,2020-02-17,3705.0,771.45,332.5,37.89,1645.43,385.23,195.52,-2608.34,2023.36
1057,2020-02-18,4102.25,756.49,164.5,37.9,2258.16,354.23,157.74,-2712.55,2070.21
1058,2020-02-19,3314.46,696.61,177.2,25.16,1499.03,382.68,232.24,-2402.59,1865.99
1059,2020-02-20,4117.93,800.81,343.3,36.94,2059.9,279.46,222.75,-3236.56,2661.25
1060,2020-02-21,4923.28,972.78,287.4,30.81,2690.37,317.89,176.1,-3130.72,2331.78
1061,2020-02-22,4379.4,717.89,256.6,34.55,2401.01,323.45,247.47,-3334.33,2559.12
1062,2020-02-23,3650.45,663.12,412.3,24.13,1695.74,337.37,103.28,-3120.37,2282.09
1063,2020-02-24,3745.71,774.2,166.3,36.18,1885.54,375.68,167.0,-2946.19,2183.79
1064,2020-02-25,3332.61,780.79,223.5,26.14,1617.14,241.04,140.76,-2300.32,1600.14
1065,2020-02-26,3849.28,838.24,470.0,17.86,1590.88,375.23,206.88,-2876.83,2157.44
1066,2020-02-27,3740.78,763.81,0.0,18.15,2124.23,246.34,247.89,-2619.86,1980.77
1067,2020-02-28,5502.06,931.89,423.6,22.31,3010.7,362.52,250.55,-4098.01,3156.35
1068,2020-02-29,4762.73,999.59,420.3,44.09,2293.63,388.33,183.47,-3739.21,2867.6
1069,2020-03-01,3829.39,730.52,142.4,38.22,2033.75,386.41,149.68,-2822.46,2156.64
1070,2020-03-02,4801.3,728.91,362.1,40.5,2579.6,421.33,232.15,-3599.99,2761.82
1071,2020-03-03,4422.04,1036.97,324.5,40.59,2060.03,360.87,196.53,-3198.43,2350.61
1072,2020-03-04,4694.83,904.9,670.1,27.16,2043.58,408.46,213.53,-4004.19,3082.18
1073,2020-03-05,3249.35,788.28,141.4,24.45,1577.74,223.35,198.47,-2292.85,1500.9
1074,2020-03-06,5386.89,1036.15,289.5,23.81,3013.42,324.01,209.96,-5386.89,3461.67
1075,2020-03-07,4708.65,858.41,169.0,42.91,2726.16,327.4,156.37,-3659.47,2679.88
1076,2020-03-08,3503.14,663.16,255.0,26.55,1890.88,245.76,103.11,-2729.41,1960.07
1077,2020-03-09,4266.55,919.49,444.5,32.1,1985.33,331.56,165.38,-2946.48,1900.1
1078,2020-03-10,3927.28,728.29,305.7,25.32,1837.08,306.22,367.35,-3291.89,2383.72
1079,2020-03-11,4236.0,769.31,412.2,30.15,2131.78,285.14,222.04,-3129.37,2292.11
1080,2020-03-12,4225.66,857.87,445.0,44.07,1976.99,366.24,151.05,-3125.59,2305.65
1081,2020-03-13,5367.12,1068.53,476.4,30.71,2581.19,486.26,235.81,-4395.73,3346.61
1082,2020-03-14,5118.44,767.51,353.6,37.47,3008.65,341.44,144.1,-4018.28,3196.87
1083,2020-03-15,4186.49,761.53,555.4,26.41,1865.22,419.84,177.17,-3306.39,2490.1
1084,2020-03-16,6275.25,909.1,403.4,23.09,3717.81,425.93,225.19,-5945.25,4414.32
1085,2020-03-17,4852.6,844.88,740.6,31.7,2287.97,303.15,202.85,-3515.62,2565.39
1086,2020-03-18,4843.2,984.66,424.6,33.97,2377.36,389.32,192.75,-3476.48,2460.68
1087,2020-03-19,5485.27,834.11,736.4,34.25,2609.95,599.06,172.55,-4088.57,3240.61
1088,2020-03-20,7575.23,1066.57,1282.1,76.42,3693.0,386.54,381.56,-6407.01,4442.93
1089,2020-03-21,5658.2,795.0,250.8,34.37,3208.48,680.41,174.37,-4228.04,3224.37
1090,2020-03-22,3477.36,727.53,165.4,25.4,1725.02,326.09,191.58,-3147.3,2270.44
1091,2020-03-23,6900.97,957.12,873.2,28.31,3559.49,642.53,212.61,-6304.27,4424.22
1092,2020-03-24,5298.5,686.51,763.5,12.65,2865.75,360.94,127.16,-3978.39,2868.96
1093,2020-03-25,6789.02,1069.73,1078.7,23.08,3112.87,646.23,240.91,-5572.9,3869.12
1094,2020-03-26,4424.83,723.05,714.1,21.09,2160.83,309.14,94.07,-2819.67,1994.81
1095,2020-03-27,6114.55,1007.61,850.3,63.9,3146.84,286.76,203.0,-5498.03,4030.19
1096,2020-03-28,4493.88,942.02,228.0,42.45,1999.37,583.85,289.39,-3723.77,2723.41
1097,2020-03-29,3761.17,767.71,384.9,21.27,1764.27,314.59,166.29,-2832.12,1939.7
1098,2020-03-30,5362.83,829.03,487.61,36.17,2986.7,345.92,259.53,-4339.69,3431.83
1099,2020-03-31,5379.25,975.21,165.4,40.12,2947.12,498.4,263.64,-4199.35,2940.84
1100,2020-04-01,5745.89,1015.67,601.8,20.53,2803.42,524.13,217.65,-4570.6,3314.31
1101,2020-04-02,5875.51,1075.11,732.6,55.53,2850.75,411.28,250.75,-4758.82,3270.81
1102,2020-04-03,6904.76,1208.89,498.9,75.72,3668.63,509.0,315.48,-5595.92,4087.22
1103,2020-04-04,6742.21,944.35,623.5,22.54,3793.22,578.3,167.01,-5642.07,4234.68
1104,2020-04-05,4141.93,834.94,371.4,31.66,1870.04,403.89,253.25,-3481.86,2529.19
1105,2020-04-06,5370.13,907.97,445.7,43.1,2725.15,516.19,243.79,-4387.94,3290.28
1106,2020-04-07,5818.05,1321.99,435.3,63.2,2893.94,452.52,121.88,-5047.94,3742.42
1107,2020-04-08,5806.5,951.14,770.3,33.78,2685.17,561.41,276.49,-4695.53,3319.48
1108,2020-04-09,5584.73,950.51,508.5,40.67,2847.89,421.56,307.56,-4330.58,3412.05
1109,2020-04-10,6557.12,1036.37,773.4,70.54,3226.91,520.44,333.04,-5567.12,4576.24
1110,2020-04-11,6671.07,1079.1,826.7,49.56,3433.58,493.91,181.44,-5570.93,4270.76
1111,2020-04-12,3735.29,749.05,161.3,23.54,1991.49,273.57,196.57,-2855.2,2090.53
1112,2020-04-13,7439.8,1077.42,647.1,53.64,4231.14,488.78,265.01,-5859.79,4598.48
1113,2020-04-14,6120.77,1098.39,807.3,42.79,2950.76,423.78,276.98,-5335.21,4120.27
1114,2020-04-15,7309.2,1258.74,686.8,61.65,3837.45,603.66,196.11,-6099.07,4400.1
1115,2020-04-16,7854.25,1141.92,477.1,71.17,4575.09,533.27,341.26,-6699.08,5160.24
1116,2020-04-17,6672.48,944.73,587.7,33.07,3576.79,581.66,341.61,-5572.34,3808.64
1117,2020-04-18,6431.1,943.15,501.7,59.74,3645.69,347.08,348.66,-5261.69,4018.82
1118,2020-04-19,5110.3,1054.16,297.0,35.51,2473.18,632.16,149.48,-4120.2,3210.46
1119,2020-04-20,7503.11,1106.46,880.2,40.39,3791.05,703.9,298.65,-5962.99,4581.5
1120,2020-04-21,6235.53,923.27,453.5,42.58,3627.74,397.37,223.92,-5135.42,3819.78
1121,2020-04-22,6905.01,1050.21,800.0,34.46,3619.99,577.46,207.96,-5308.52,4100.09
1122,2020-04-23,7474.46,1053.62,944.0,58.93,3837.76,532.88,367.46,-5687.97,4579.44
1123,2020-04-24,7684.91,1460.14,636.0,51.81,4019.93,484.66,333.28,-6349.83,4922.49
1124,2020-04-25,6487.47,987.04,702.0,65.76,3389.28,513.44,239.86,-5788.49,4308.68
1125,2020-04-26,6162.25,883.26,560.4,48.98,3474.18,436.31,200.6,-4954.32,3802.74
1126,2020-04-27,7427.44,1235.21,367.0,65.29,4200.55,617.12,266.6,-6044.63,4704.11
1127,2020-04-28,6631.69,955.88,1155.0,42.21,3421.57,409.51,375.82,-5421.57,4227.55
1128,2020-04-29,6478.02,1037.94,777.4,84.58,3128.76,575.85,284.16,-4304.04,3395.44
1129,2020-04-30,7015.87,1295.92,224.4,41.38,4013.81,597.12,205.07,-6190.69,4810.46
1130,2020-05-01,8547.71,1631.64,376.4,71.02,4761.14,585.86,344.43,-6066.77,4878.9
1131,2020-05-02,6478.4,1044.41,575.2,46.5,3463.37,489.13,270.45,-5378.27,3886.5
1132,2020-05-03,6678.84,745.69,1323.9,123.51,3337.14,290.36,200.7,-6073.68,4813.51
1133,2020-05-04,7175.81,1198.43,574.8,32.29,3828.38,610.45,287.7,-5553.25,4389.51
1134,2020-05-05,6478.46,1052.79,580.0,56.48,3415.95,590.16,194.13,-5069.26,3515.93
1135,2020-05-06,6941.75,1118.92,821.1,50.29,3589.37,486.87,243.81,-4785.65,3678.17
1136,2020-05-07,6260.29,1069.81,907.3,48.21,2990.85,374.34,300.46,-5105.19,3975.76
1137,2020-05-08,8001.01,1197.22,833.0,138.86,4088.24,589.12,426.87,-6120.99,4683.21
1138,2020-05-09,7568.68,1173.31,395.9,68.83,4374.85,534.73,332.65,-6388.27,5128.16
1139,2020-05-10,5919.91,803.77,478.1,78.31,3371.64,371.9,277.72,-4819.81,3660.3
1140,2020-05-11,6519.71,1312.09,848.4,60.86,3085.67,415.04,204.62,-5230.34,4167.98
1141,2020-05-12,6285.01,1068.49,753.7,39.19,3118.62,495.37,237.88,-5862.56,4463.73
1142,2020-05-13,5943.18,1068.49,753.7,39.19,2840.23,454.03,237.88,-4943.18,3627.04
1143,2020-05-14,6786.88,921.21,986.4,67.63,3433.19,497.18,263.96,-5367.7,4137.63
1144,2020-05-15,7824.1,1019.85,579.0,52.13,4603.95,471.59,394.98,-6073.91,4735.77
