,dates,total,pack,carton,grcy,grcy_nt,misc_total,vape,tobacco,beer,cigar,lotto,p_o,scratch,scp_o,main,card
0,2020-07-01,1524.0,580.84,0.0,224.9,0.0,20.32,0.0,122.44,439.68,0.0,0.0,0.0,0.0,0.0,-1524.0,662.13
1,2020-07-02,1580.41,543.89,0.0,326.5,0.0,49.21,0.0,95.56,424.22,0.0,0.0,0.0,0.0,0.0,-1580.41,910.99
2,2020-07-03,2205.65,803.29,0.0,266.26,0.0,150.82,0.0,112.75,662.65,0.0,0.0,0.0,0.0,0.0,-2205.65,1295.98
6,2020-07-07,1059.06,450.29,0.0,102.78,0.0,49.06,0.0,61.23,301.79,0.0,0.0,0.0,0.0,0.0,-1059.06,418.33
7,2020-07-08,1578.4,581.69,0.0,167.32,14.62,79.47,55.97,64.66,472.38,0.0,0.0,0.0,0.0,0.0,-1578.4,797.5
8,2020-07-09,1690.63,583.25,82.7,199.81,5.87,159.47,96.94,75.61,333.66,0.0,0.0,0.0,0.0,0.0,-1690.63,827.64
9,2020-07-10,2112.67,682.47,0.0,192.46,28.28,116.8,47.97,70.92,784.08,0.0,0.0,0.0,0.0,0.0,-2112.67,1168.12
10,2020-07-11,1623.8,578.79,0.0,115.46,50.08,201.82,92.96,35.02,406.49,0.0,0.0,0.0,0.0,0.0,-1623.8,808.51
11,2020-07-12,1608.18,547.03,0.0,123.31,39.76,171.87,115.13,96.98,371.42,0.0,0.0,0.0,0.0,0.0,-1456.06,749.57
12,2020-07-13,1963.52,748.12,0.0,157.58,59.97,153.59,88.95,102.55,480.49,0.0,0.0,0.0,0.0,0.0,-1595.4,960.32
13,2020-07-14,1802.3,554.93,0.0,164.46,32.85,283.31,74.3,48.47,517.28,0.0,0.0,0.0,0.0,0.0,-1126.79,760.12
14,2020-07-15,1946.4,550.73,0.0,191.18,70.36,282.97,82.95,74.93,409.63,0.0,0.0,0.0,0.0,0.0,-1530.28,912.5
15,2020-07-16,2240.16,652.38,0.0,168.72,32.33,204.09,376.94,122.53,482.98,0.0,0.0,0.0,0.0,0.0,-1959.85,1287.15
16,2020-07-17,2384.22,657.4,0.0,140.58,42.04,457.31,202.83,114.7,556.22,0.0,0.0,0.0,0.0,0.0,-1906.47,1309.37
17,2020-07-18,2350.18,654.86,0.0,50.75,60.86,264.84,146.9,136.92,762.64,0.0,0.0,0.0,0.0,0.0,-2118.21,1497.4
18,2020-07-19,1842.31,537.77,0.0,163.25,23.32,230.4,157.91,85.56,477.19,0.0,0.0,0.0,0.0,0.0,-1398.76,936.91
19,2020-07-20,2170.59,740.0,0.0,210.87,39.02,330.48,140.89,96.11,419.24,0.0,0.0,0.0,0.0,0.0,-1533.01,877.83
20,2020-07-21,1905.09,369.63,82.7,195.66,32.87,209.26,156.88,107.65,580.04,0.0,0.0,0.0,0.0,0.0,-1539.29,1142.32
21,2020-07-22,1857.88,617.87,0.0,173.63,23.09,169.13,287.81,115.82,303.19,0.0,0.0,0.0,0.0,0.0,-1643.66,1079.46
22,2020-07-23,2031.73,528.81,87.1,106.1,97.79,261.08,150.91,109.18,535.61,0.0,0.0,0.0,0.0,0.0,-1698.84,1145.29
23,2020-07-24,2366.84,552.64,0.0,154.88,61.8,205.38,346.78,111.52,723.22,0.0,0.0,0.0,0.0,0.0,-2058.17,1569.53
24,2020-07-25,2206.41,493.77,0.0,161.38,9.22,317.01,247.82,132.85,587.13,0.0,0.0,0.0,0.0,0.0,-1905.92,1347.06
25,2020-07-26,1558.63,464.12,0.0,71.28,48.93,153.03,234.64,101.3,347.98,0.0,0.0,0.0,0.0,0.0,-1414.43,862.31
26,2020-07-27,2006.32,592.92,0.0,186.0,80.81,182.44,199.86,117.91,471.15,0.0,0.0,0.0,0.0,0.0,-1526.29,1056.13
27,2020-07-28,1821.84,408.36,0.0,211.74,37.44,279.73,152.89,80.3,489.0,0.0,0.0,0.0,0.0,0.0,-1291.22,833.18
28,2020-07-29,2076.15,505.67,0.0,184.63,40.31,417.29,134.89,95.93,512.17,0.0,0.0,0.0,0.0,0.0,-1562.09,947.95
29,2020-07-30,2202.59,704.68,0.0,164.76,96.5,216.45,135.1,127.79,565.66,0.0,0.0,0.0,0.0,0.0,-2052.17,1332.89
30,2020-07-31,3067.63,727.81,0.0,247.19,99.74,340.09,414.42,246.92,721.41,0.0,0.0,0.0,0.0,0.0,-2683.49,2006.78
31,2020-08-01,2093.1,537.94,0.0,108.98,81.48,363.71,211.24,101.2,507.15,0.0,0.0,0.0,0.0,0.0,-1815.8,1288.13
32,2020-08-02,2299.76,621.68,0.0,87.96,80.08,366.72,319.17,108.06,514.14,0.0,0.0,0.0,0.0,0.0,-1825.92,1288.96
33,2020-08-03,2537.6,687.92,83.5,122.1,117.97,392.84,241.67,136.71,535.72,0.0,0.0,0.0,0.0,0.0,-2052.34,1202.48
34,2020-08-04,2125.92,631.41,0.0,110.96,99.91,334.89,205.43,96.4,462.57,0.0,0.0,0.0,0.0,0.0,-1671.17,1102.92
35,2020-08-05,2073.55,498.59,0.0,119.63,92.36,323.5,257.77,111.58,489.84,0.0,0.0,0.0,0.0,0.0,-1751.34,1027.34
36,2020-08-06,2335.41,559.57,0.0,81.28,151.81,434.21,274.81,183.66,451.38,0.0,0.0,0.0,0.0,0.0,-1814.41,1229.5
37,2020-08-07,2751.55,557.56,0.0,121.09,100.48,437.26,346.75,136.76,810.39,0.0,0.0,0.0,0.0,0.0,-1925.11,1405.16
38,2020-08-08,2345.34,670.39,0.0,155.7,62.99,445.59,127.26,102.63,573.14,0.0,0.0,0.0,0.0,0.0,-1895.06,1345.98
39,2020-08-09,2150.35,433.31,0.0,133.8,91.72,154.23,333.16,118.07,698.73,0.0,0.0,0.0,0.0,0.0,-1794.42,1280.26
40,2020-08-10,2233.35,619.75,0.0,106.08,70.95,421.81,179.07,160.14,478.82,0.0,0.0,0.0,0.0,0.0,-1771.75,947.32
41,2020-08-11,2074.07,503.14,0.0,93.06,68.57,352.81,169.88,106.51,591.55,0.0,0.0,0.0,0.0,0.0,-1674.13,1093.25
42,2020-08-12,2340.16,679.37,0.0,70.99,94.95,414.91,261.1,122.4,491.25,0.0,0.0,0.0,0.0,0.0,-1845.11,1279.54
43,2020-08-13,2227.02,669.13,0.0,122.01,33.33,210.7,356.53,99.57,535.36,0.0,0.0,0.0,0.0,0.0,-1932.65,1253.47
44,2020-08-14,2242.51,571.05,0.0,131.16,91.01,190.67,243.04,191.58,628.22,0.0,0.0,0.0,0.0,0.0,-1813.48,1306.18
45,2020-08-15,2154.86,513.38,0.0,137.38,60.43,232.95,379.38,138.72,502.05,0.0,0.0,0.0,0.0,0.0,-1903.88,1375.7
46,2020-08-16,1911.99,301.08,79.29,68.55,59.79,386.4,208.66,109.44,527.4,0.0,0.0,0.0,0.0,0.0,-1540.63,940.0
47,2020-08-17,1828.52,508.46,0.0,92.56,69.88,234.4,210.28,108.66,444.24,0.0,0.0,0.0,0.0,0.0,-1303.92,882.65
48,2020-08-18,2185.48,489.14,0.0,99.91,86.64,295.33000000000004,348.14,152.06,372.27,0.0,0.0,0.0,0.0,0.0,-1487.61,1158.92
49,2020-08-19,2365.52,581.02,0.0,101.31,111.69,298.11,340.86,126.16,602.1,0.0,0.0,0.0,0.0,0.0,-2036.89,1479.51
50,2020-08-20,2410.53,525.74,83.5,121.76,67.82,299.65999999999997,504.09,202.41,392.38,0.0,0.0,0.0,0.0,0.0,-1957.39,1427.92
51,2020-08-21,2612.74,599.56,0.0,83.1,77.88,338.5,501.21,97.07,674.76,0.0,0.0,0.0,0.0,0.0,-2116.46,1498.66
52,2020-08-22,2646.86,607.22,0.0,142.94,53.66,515.3299999999999,418.44,137.72,535.64,0.0,0.0,0.0,0.0,0.0,-2304.07,1706.06
53,2020-08-23,1869.92,542.42,0.0,62.37,76.66,97.27000000000001,314.53,109.61,503.86,0.0,0.0,0.0,0.0,0.0,-1612.24,1153.9
54,2020-08-24,1739.84,476.58,0.0,103.58,45.19,371.44,169.94,113.42,305.17,0.0,0.0,0.0,0.0,0.0,-1369.69,927.26
55,2020-08-25,2577.38,546.54,0.0,170.97,78.13,353.59,659.64,157.01,384.14,0.0,0.0,0.0,0.0,0.0,-2313.42,1703.49
56,2020-08-26,2180.89,372.91,0.0,107.54,82.12,379.08,414.52,111.69,522.02,0.0,0.0,0.0,0.0,0.0,-1634.49,1020.36
57,2020-08-27,2604.05,732.96,0.0,105.94,93.03,326.12,358.82,101.13,657.59,0.0,0.0,0.0,0.0,0.0,-2274.0,1739.47
58,2020-08-28,3115.55,732.69,0.0,183.81,42.68,450.64000000000004,577.87,213.89,634.41,0.0,0.0,0.0,0.0,0.0,-2285.71,1909.03
59,2020-08-29,2137.25,422.15,0.0,98.05,44.36,384.17999999999995,240.4,180.05,577.6,0.0,0.0,0.0,0.0,0.0,-1754.39,1139.66
60,2020-08-30,2249.34,506.87,0.0,96.65,55.84,381.81,489.84,104.84,413.94,0.0,0.0,0.0,0.0,0.0,-1743.27,1242.04
61,2020-08-31,2505.53,593.68,83.5,91.69,93.84,434.40000000000003,347.19,137.37,504.44,0.0,0.0,0.0,0.0,0.0,-1927.05,1319.44
62,2020-09-01,2692.17,555.73,0.0,136.98,82.15,435.67,705.75,157.51,380.93,0.0,0.0,0.0,0.0,0.0,-1880.59,1219.28
63,2020-09-02,3033.23,549.43,0.0,132.45,105.75,425.70000000000005,746.15,111.82,694.71,0.0,0.0,0.0,0.0,0.0,-2520.33,1790.19
64,2020-09-03,3000.3,707.92,0.0,215.04,64.62,422.38,475.95,172.58,607.52,67.22,0.0,0.0,0.0,0.0,-2240.44,1669.09
65,2020-09-04,3063.25,675.85,0.0,128.51,91.96,576.1199999999999,447.25,173.2,624.5,75.52,0.0,0.0,0.0,0.0,-2708.86,2079.41
66,2020-09-05,3231.87,611.82,0.0,113.3,57.12,559.78,717.08,176.36,655.77,44.45,22.0,0.0,0.0,-15.0,-2761.29,2202.84
67,2020-09-06,2298.61,426.8,0.0,112.76,60.73,395.65,445.54,95.52,526.47,21.55,28.0,-15.0,0.0,-2.0,-1819.84,1317.23
68,2020-09-07,2342.35,604.4,0.0,67.9,60.73,220.20999999999998,511.68,108.05,417.34,108.99,0.0,0.0,0.0,0.0,-2036.97,1243.25
69,2020-09-08,2771.02,583.05,0.0,102.35,41.6,283.82,649.72,137.22,511.45,203.74,30.0,-9.0,0.0,-10.0,-2350.48,1673.4
70,2020-09-09,2726.31,593.71,0.0,110.92,60.24,300.77,559.67,164.32,547.07,100.65,55.0,-4.0,0.0,0.0,-2054.68,1428.84
71,2020-09-10,3342.51,845.71,83.5,126.34,74.26,498.77,440.42,157.68,594.92,215.41,0.0,0.0,0.0,0.0,-2447.34,1707.86
72,2020-09-11,3258.01,749.09,0.0,146.27,65.02,230.47,713.54,220.0,588.7,231.72,26.0,0.0,0.0,0.0,-2211.66,1600.62
73,2020-09-12,2769.44,622.32,0.0,61.38,61.8,332.95,531.65,155.36,500.86,198.23,0.0,0.0,0.0,0.0,-2098.43,1499.77
74,2020-09-13,2082.91,510.75,0.0,126.1,20.12,231.82999999999998,533.46,43.1,373.41,43.76,15.0,0.0,0.0,0.0,-1791.51,1249.15
75,2020-09-14,2353.3,484.62,0.0,121.79,39.12,482.61,305.49,113.99,452.26,69.44,0.0,0.0,0.0,0.0,-1882.73,1416.38
76,2020-09-15,2112.51,485.61,0.0,106.05,101.46,196.76999999999998,474.73,124.35,324.07,51.54,0.0,0.0,0.0,0.0,-1765.82,1241.38
77,2020-09-16,3085.25,633.86,0.0,88.68,63.68,424.78,666.9,142.08,610.45,100.82,0.0,0.0,0.0,0.0,-2351.42,1736.07
78,2020-09-17,2758.77,543.58,0.0,106.85,74.94,331.03,687.62,154.51,531.76,71.21,0.0,0.0,0.0,0.0,-2215.77,1665.87
79,2020-09-18,3100.24,532.19,286.4,76.59,53.72,425.70000000000005,522.87,173.37,699.88,168.33,0.0,0.0,0.0,0.0,-2734.12,1966.69
80,2020-09-19,3724.4,751.63,0.0,99.39,89.26,459.70000000000005,749.91,189.15,649.77,299.86,119.0,0.0,0.0,0.0,-3117.22,2314.14
81,2020-09-20,2318.69,507.55,0.0,50.84,51.22,394.05000000000007,489.98,85.09,481.5,54.13,10.0,0.0,0.0,-10.0,-1895.07,1314.42
82,2020-09-21,2907.82,577.26,0.0,57.02,59.42,404.96000000000004,743.44,157.93,474.0,126.86,0.0,0.0,0.0,0.0,-2502.91,1730.84
83,2020-09-22,2774.8,696.06,0.0,98.06,62.87,583.67,450.86,99.74,529.79,18.57,29.0,-37.0,0.0,-2.0,-2460.39,1649.01
84,2020-09-23,2833.57,590.17,0.0,66.69,95.03,480.94,527.68,190.83,549.25,23.47,0.0,0.0,0.0,0.0,-2324.82,1630.47
85,2020-09-24,2943.7,638.52,0.0,71.68,83.37,428.76,600.85,153.04,555.17,139.24,31.0,0.0,-3.0,-11.0,-2486.2,1781.34
86,2020-09-25,3671.37,539.95,167.0,127.36,78.1,654.5899999999999,626.65,168.89,685.32,336.25,35.0,0.0,-4.0,-71.0,-3160.6,2323.31
87,2020-09-26,3363.24,702.25,0.0,150.57,81.02,383.51,641.48,155.52,554.38,333.35,70.0,-2.0,0.0,0.0,-2864.44,1996.67
88,2020-09-27,2640.92,559.7,198.3,81.9,62.18,459.88,382.59,149.5,432.75,78.2,14.0,-5.0,0.0,-5.0,-2407.2,1583.04
89,2020-09-28,3016.03,697.39,0.0,83.68,88.84,435.53999999999996,521.81,202.36,513.62,188.33,76.0,-46.0,0.0,-10.0,-2483.11,1722.96
90,2020-09-29,2981.51,640.97,79.1,69.11,87.93,314.47999999999996,638.77,182.02,506.07,155.97,51.0,0.0,0.0,0.0,-2662.95,1894.65
91,2020-09-30,3116.45,563.44,0.0,72.28,86.87,248.72,640.52,208.53,632.84,343.93,73.0,-2.0,0.0,-20.0,-2847.55,2180.75
92,2020-10-01,3646.03,596.99,0.0,112.04,94.93,704.76,694.83,182.17,539.47,337.28,93.0,-17.0,0.0,-43.0,-2960.95,2196.52
93,2020-10-02,3311.83,628.63,0.0,86.03,65.34,617.73,501.68,167.12,630.77,251.1,78.0,0.0,0.0,0.0,-2927.78,2003.25
94,2020-10-03,2898.86,648.7,0.0,122.44,49.2,447.83000000000004,528.37,95.74,467.26,192.56,114.0,0.0,0.0,-15.0,-2143.57,1568.47
95,2020-10-04,2107.54,454.21,0.0,67.59,37.97,214.59,432.61,143.69,445.04,72.68,78.0,-15.0,0.0,-5.0,-1563.94,1159.3
96,2020-10-05,2524.04,560.1,0.0,53.71,55.74,306.97,596.72,185.22,437.1,112.52,76.0,-3.0,0.0,-80.0,-2208.08,1524.55
97,2020-10-06,2889.51,561.27,110.2,64.95,83.06,287.55,817.19,153.02,406.09,109.68,54.0,-6.0,0.0,0.0,-2545.65,1771.72
98,2020-10-07,2814.81,512.99,0.0,100.31,51.08,383.33,666.2,124.59,557.9,106.68,75.0,-6.0,0.0,0.0,-2416.13,1752.32
99,2020-10-08,3592.4,766.28,173.2,89.25,61.86,436.60999999999996,778.03,89.27,635.82,176.99,24.0,0.0,0.0,0.0,-2741.19,1938.54
100,2020-10-09,3618.41,520.45,0.0,73.96,79.49,669.96,580.24,226.8,680.64,405.18,80.0,-1.0,0.0,0.0,-3066.85,2259.16
101,2020-10-10,3045.18,622.76,0.0,91.78,56.64,389.96000000000004,686.44,136.45,597.33,152.71,104.0,-20.0,0.0,-38.0,-2559.57,1904.93
102,2020-10-11,2510.87,420.99,0.0,75.52,52.32,523.25,581.98,155.19,388.34,106.32,4.0,0.0,0.0,-20.0,-2197.15,1559.85
103,2020-10-12,2817.24,622.27,0.0,71.34,49.66,456.65999999999997,501.89,140.75,489.43,156.76,88.0,0.0,0.0,-1.0,-2180.73,1503.52
104,2020-10-13,2319.81,609.4,0.0,48.43,44.83,220.91000000000003,332.0,122.01,562.36,130.83,76.0,0.0,-3.0,-30.0,-1952.41,1212.91
105,2020-10-14,2952.24,483.9,0.0,70.47,64.74,552.7900000000001,673.34,161.4,519.08,66.6,160.0,-57.0,0.0,0.0,-2303.86,1483.69
106,2020-10-15,2555.24,593.58,0.0,63.62,49.31,357.6,526.0,153.28,355.85,158.36,79.0,0.0,0.0,0.0,-2180.66,1526.75
107,2020-10-16,3541.96,798.99,0.0,99.35,89.29,389.18,775.44,155.14,751.9,151.58,87.0,0.0,0.0,-65.0,-2970.46,2391.94
108,2020-10-17,3042.99,536.63,110.2,89.76,46.93,424.66999999999996,669.48,80.15,418.15,272.47,137.0,0.0,0.0,0.0,-2521.35,1997.32
109,2020-10-18,2899.0,507.68,0.0,92.48,35.95,459.53000000000003,693.61,169.43,502.04,131.98,57.0,-20.0,0.0,0.0,-2605.89,2001.59
110,2020-10-19,2658.29,500.1,0.0,71.54,74.96,280.78999999999996,792.52,112.8,519.58,8.59,77.0,-6.0,0.0,0.0,-2037.83,1419.84
111,2020-10-20,2608.75,487.93,0.0,54.68,51.13,484.72,723.29,80.74,344.05,143.32,84.0,-9.0,0.0,-1.0,-2258.75,1645.71
112,2020-10-21,3063.05,653.99,0.0,88.37,68.4,491.96,469.7,167.92,551.95,260.04,55.0,0.0,0.0,-10.0,-2356.24,1873.95
113,2020-10-22,3011.32,581.67,0.0,80.2,94.03,211.92999999999998,682.47,204.3,674.18,171.47,70.0,-6.0,0.0,-11.0,-2481.45,1636.88
114,2020-10-23,2942.82,583.98,0.0,89.13,56.58,402.5,514.11,153.26,680.95,140.39,65.0,-6.0,0.0,0.0,-2480.96,1853.26
115,2020-10-24,3585.33,437.64,167.0,91.38,51.6,457.38,740.81,182.13,705.48,298.05,168.0,-9.0,0.0,-10.0,-3216.52,2677.84
116,2020-10-25,2819.45,460.23,0.0,88.19,142.31,418.84999999999997,663.91,80.12,584.02,111.47,40.0,-8.0,0.0,0.0,-2237.95,1511.12
117,2020-10-26,2507.68,523.59,110.2,91.94,61.86,244.24,679.87,106.32,398.17,21.99,64.0,-10.0,0.0,0.0,-2123.96,1442.95
118,2020-10-27,2534.86,564.83,0.0,79.46,61.41,218.7,420.45,217.44,429.51,202.06,20.0,0.0,0.0,0.0,-2074.75,1530.59
119,2020-10-28,2664.74,607.24,0.0,76.88,61.57,251.69,644.2,140.0,530.49,50.64,87.0,-15.0,0.0,0.0,-2393.88,1535.64
120,2020-10-29,3094.69,589.96,0.0,78.84,44.66,560.78,755.63,219.04,489.04,59.25,30.0,0.0,0.0,-5.0,-2107.47,1572.57
121,2020-10-30,3808.98,711.83,0.0,68.76,66.81,527.45,1047.86,214.88,553.11,270.25,12.0,0.0,0.0,-105.0,-3467.26,2579.94
122,2020-10-31,4104.23,669.35,0.0,91.7,66.01,791.6300000000001,1049.14,178.46,541.53,277.2,129.0,-48.0,0.0,0.0,-3583.84,2714.65
123,2020-11-01,2741.26,550.73,0.0,91.26,100.51,416.34999999999997,508.85,167.56,355.89,293.99,23.0,-3.0,0.0,0.0,-2392.57,1766.99
124,2020-11-02,2583.02,524.23,110.2,66.85,49.64,365.52,481.42,163.85,435.44,136.75,21.0,0.0,0.0,0.0,-2232.32,1656.09
125,2020-11-03,3353.73,645.18,0.0,134.97,54.44,517.88,884.74,214.06,515.31,88.11,25.0,-23.0,0.0,0.0,-2582.43,1991.42
126,2020-11-04,2603.65,547.74,0.0,56.66,87.11,485.14000000000004,348.45,205.62,377.11,203.6,143.0,-42.0,0.0,-29.0,-2092.06,1509.5
127,2020-11-05,3039.42,487.01,0.0,105.67,71.93,424.25,500.89,211.75,624.91,318.11,80.0,-40.0,0.0,0.0,-2679.42,2121.17
128,2020-11-06,3870.09,773.71,0.0,133.25,106.63,315.40999999999997,1024.52,163.11,674.74,141.35,218.0,0.0,0.0,0.0,-3322.37,2291.58
129,2020-11-07,3297.04,557.14,0.0,47.84,62.65,515.0500000000001,882.03,279.89,478.31,285.61,90.0,-10.0,0.0,-13.0,-2750.64,2085.65
130,2020-11-08,2216.65,392.71,0.0,25.52,46.2,370.47999999999996,616.43,173.93,356.94,29.16,14.0,0.0,0.0,0.0,-1872.94,1545.7
131,2020-11-09,2852.8,629.5,110.2,84.95,73.01,245.68,816.9,125.54,414.25,41.35,72.0,0.0,0.0,-5.0,-2545.33,1918.28
132,2020-11-10,3098.49,465.78,0.0,42.66,48.95,520.19,830.75,112.04,542.16,245.83,18.0,0.0,0.0,0.0,-2789.65,1978.17
133,2020-11-11,2896.33,561.5,0.0,67.1,84.67,531.96,380.3,221.74,541.47,206.11,110.0,-7.0,0.0,-50.0,-2513.61,1689.88
134,2020-11-12,3219.74,487.51,0.0,65.49,47.46,178.51,1090.92,152.53,547.96,158.01,61.0,-2.0,0.0,-6.0,-2891.34,2060.28
135,2020-11-13,3596.01,739.15,0.0,122.6,48.15,522.78,724.56,178.31,679.08,206.77,0.0,0.0,0.0,0.0,-2986.05,2254.24
136,2020-11-14,3143.52,442.95,0.0,76.9,24.62,636.59,706.19,144.16,611.94,182.06,59.0,-25.0,0.0,0.0,-2889.72,2159.61
137,2020-11-15,2660.9,374.95,0.0,88.81,5.68,521.31,736.23,184.72,360.83,99.97,54.0,0.0,0.0,0.0,-2167.31,1507.36
138,2020-11-16,3107.85,622.04,285.71,101.09,47.84,425.5,599.81,184.53,444.55,71.12,112.0,-2.0,0.0,-55.0,-2503.35,1791.29
139,2020-11-17,3313.17,640.88,0.0,58.14,51.35,470.11,813.49,205.67,614.63,124.07,59.0,0.0,0.0,-14.0,-2977.24,2189.2
140,2020-11-18,3160.67,573.36,0.0,77.87,67.44,518.93,770.87,143.07,510.33,112.82,126.0,-6.0,0.0,-2.0,-2677.11,1909.48
141,2020-11-19,2962.67,627.55,0.0,66.9,49.97,200.12,810.14,179.35,474.78,228.67,69.0,0.0,0.0,0.0,-2712.68,1956.16
142,2020-11-20,3959.53,832.77,0.0,94.32,57.85,418.97,796.35,221.86,826.95,259.8,109.0,0.0,0.0,0.0,-3781.44,2662.84
143,2020-11-21,3136.4,442.47,0.0,85.99,84.29,608.19,558.55,211.88,550.32,205.13,141.0,-5.0,0.0,-10.0,-2987.82,2120.89
144,2020-11-22,2510.22,616.32,0.0,86.16,49.76,330.11,553.19,125.88,424.96,130.24,31.0,-3.0,0.0,-55.0,-1838.6,1423.55
145,2020-11-23,3202.23,564.08,110.2,76.35,63.47,475.30999999999995,733.25,176.78,422.77,241.8,68.0,-2.0,0.0,-5.0,-2596.86,1893.1
146,2020-11-24,3115.28,633.66,0.0,78.6,46.14,495.1499999999999,490.97,154.82,545.16,329.67,90.0,-19.0,0.0,0.0,-2651.77,1950.14
147,2020-11-25,4388.85,672.66,0.0,79.73,62.65,543.44,1214.99,249.96,819.85,314.94,119.0,0.0,0.0,-74.0,-3891.09,2962.03
148,2020-11-26,1828.04,390.12,0.0,82.01,15.73,319.69,404.62,104.75,265.56,49.52,38.0,-3.0,0.0,0.0,-1564.48,1193.01
149,2020-11-27,4040.86,674.79,257.0,85.4,69.17,515.08,764.54,243.75,724.58,314.66,43.0,0.0,0.0,-6.0,-3322.47,2601.59
150,2020-11-28,3808.85,489.26,0.0,116.2,84.2,891.9,839.27,155.66,555.81,257.18,108.0,-10.0,0.0,-5.0,-3556.04,2705.84
151,2020-11-29,2181.07,328.28,0.0,51.44,30.79,557.4200000000001,385.91,177.11,369.73,59.32,96.0,-50.0,0.0,-16.0,-1898.11,1422.55
152,2020-11-30,3482.34,590.3,110.2,79.27,51.61,457.73,759.04,198.76,600.9,212.6,128.0,-4.0,0.0,0.0,-2720.49,1968.09
153,2020-12-01,2873.54,524.94,0.0,67.3,44.29,568.5,511.23,100.52,507.55,223.34,82.0,-4.0,0.0,0.0,-1976.61,1475.91
154,2020-12-02,3601.13,638.49,0.0,79.32,67.77,633.2299999999999,696.39,213.86,576.84,284.99,105.0,-4.0,0.0,0.0,-2957.77,2220.61
155,2020-12-03,3924.2,693.29,0.0,92.54,54.76,617.86,929.65,155.03,619.17,367.8,60.0,0.0,0.0,-10.0,-3209.41,2192.12
156,2020-12-04,4092.64,707.48,0.0,101.14,33.11,785.3299999999999,817.85,196.59,751.11,325.4,35.0,0.0,0.0,-23.0,-3301.46,2548.95
157,2020-12-05,3568.04,506.04,0.0,102.92,103.02,697.19,764.16,127.26,601.01,156.62,167.0,-3.0,0.0,-8.0,-2684.51,2112.42
158,2020-12-06,2569.7,450.18,0.0,92.89,37.38,365.86999999999995,459.2,221.68,383.4,310.03,24.0,0.0,0.0,0.0,-2162.84,1485.64
159,2020-12-07,2846.29,608.28,110.2,66.41,62.95,315.99,718.8,91.18,445.65,107.9,88.0,-13.0,0.0,0.0,-2330.58,1733.04
160,2020-12-08,2850.0,462.74,0.0,70.14,75.54,432.81,772.94,176.96,496.54,80.29,0.0,0.0,0.0,0.0,-1883.51,1432.65
161,2020-12-09,3386.39,695.41,0.0,75.38,61.24,638.0,558.03,214.69,531.01,230.27,91.0,0.0,0.0,0.0,-2770.34,1583.66
162,2020-12-10,3747.93,675.85,88.1,105.91,50.26,517.99,1092.37,143.76,461.89,210.46,91.0,-11.0,0.0,-5.0,-3395.33,2590.15
163,2020-12-11,3858.8,612.14,159.8,75.66,55.74,428.75,727.29,258.9,853.08,270.17,99.0,-17.0,0.0,0.0,-2833.94,1981.79
164,2020-12-12,4295.78,527.35,0.0,97.48,61.17,875.7,905.61,251.54,635.47,461.76,124.0,-9.0,0.0,-7.0,-3418.49,2676.47
165,2020-12-13,2512.51,461.79,0.0,18.55,30.32,803.6100000000001,309.28,106.52,429.94,68.01,65.0,0.0,0.0,-5.0,-2006.0,1406.33
166,2020-12-14,3063.85,511.91,110.2,62.7,44.54,435.88,676.14,158.44,562.8,208.35,61.0,-39.0,0.0,0.0,-2991.25,2295.31
167,2020-12-15,3367.44,439.85,178.2,20.45,50.92,396.61,814.56,235.81,555.99,274.4,114.0,0.0,4.0,-6.0,-3035.63,2327.77
168,2020-12-16,3583.32,628.65,0.0,96.83,108.96,571.33,548.91,213.72,741.11,246.16,0.0,0.0,0.0,0.0,-3116.5,2161.63
169,2020-12-17,3885.49,808.14,0.0,76.96,46.21,600.9200000000001,937.66,142.07,603.18,257.24,67.0,0.0,7.0,0.0,-3319.11,2525.55
170,2020-12-18,4170.34,510.03,0.0,95.67,35.86,536.71,1127.56,242.2,856.75,303.11,71.0,0.0,30.0,-2.0,-3496.13,2632.18
171,2020-12-19,4033.87,557.03,0.0,83.88,72.64,927.16,673.67,133.29,648.96,431.74,120.0,0.0,0.0,0.0,-3481.26,2579.62
172,2020-12-20,3058.4,354.05,0.0,73.94,35.08,717.64,662.91,157.94,590.21,161.22,37.0,0.0,5.0,-5.0,-2627.56,2009.66
173,2020-12-21,3662.83,649.49,181.9,61.99,50.19,427.52000000000004,1146.8,153.5,371.44,208.5,90.0,0.0,5.0,0.0,-3128.22,2469.99
174,2020-12-22,5001.73,587.41,255.1,92.59,65.78,941.9300000000001,925.95,187.77,727.74,670.19,109.0,2.0,-4.0,-14.0,-4359.2,3344.31
175,2020-12-23,4571.4,623.19,0.0,108.19,40.89,693.9000000000001,856.18,180.82,633.17,663.83,215.0,0.0,184.0,0.0,-3815.19,2949.93
176,2020-12-24,6415.17,697.15,0.0,115.32,42.65,1689.24,1279.26,210.74,754.18,468.39,143.0,-31.0,550.0,-20.0,-4855.91,3522.57
177,2020-12-25,2833.1,389.62,0.0,86.02,39.08,687.7200000000001,517.94,127.86,461.43,151.63,112.0,-4.0,71.0,-47.0,-2353.04,1707.25
178,2020-12-26,3759.86,661.17,0.0,74.35,57.7,642.0899999999999,945.64,173.91,606.27,202.27,175.0,-50.0,36.0,-92.0,-3141.36,2117.28
179,2020-12-27,2621.88,446.76,0.0,72.93,27.02,481.28999999999996,675.33,158.4,423.34,54.81,80.0,-2.0,5.0,-30.0,-2096.44,1572.05
180,2020-12-28,3209.24,691.65,110.2,100.46,44.99,434.24,534.31,162.7,462.12,201.54,90.0,-14.0,0.0,-79.0,-2008.92,1443.52
181,2020-12-29,3269.57,676.14,0.0,88.62,21.75,361.42,783.83,353.68,347.31,197.74,172.0,0.0,32.0,-43.0,-2398.67,1813.76
182,2020-12-30,3589.91,539.2,0.0,87.54,40.68,387.87,1061.18,143.18,622.73,262.3,166.0,-3.0,28.0,-53.0,-3012.32,2402.15
183,2020-12-31,5717.64,878.82,0.0,110.89,28.36,1075.91,1356.06,220.27,789.98,719.38,53.0,-11.0,50.0,-64.0,-5250.02,4183.72
184,2021-01-01,3435.35,502.96,0.0,67.01,30.69,582.06,1109.76,138.34,488.1,135.97,118.0,-7.0,10.0,-40.0,-2700.71,2010.44
185,2021-01-02,3336.13,476.33,159.8,85.89,25.06,489.96,631.45,244.18,489.36,254.8,213.0,-15.0,14.0,-13.0,-2467.76,1625.82
186,2021-01-03,2844.88,458.33,0.0,61.3,29.55,551.33,558.2,159.47,496.93,188.79,85.0,-2.0,40.0,-27.0,-2380.07,1692.77
187,2021-01-04,5113.97,834.2,111.0,57.22,52.66,1233.3600000000001,1113.46,208.1,567.38,211.37,248.0,-23.0,166.0,-95.0,-3940.56,2987.45
188,2021-01-05,4150.74,459.91,0.0,115.77,32.13,709.69,1385.56,292.13,301.3,81.89,363.0,-12.0,95.0,-5.0,-3476.48,2621.32
189,2021-01-06,3142.39,633.39,0.0,73.52,43.66,546.49,642.45,204.49,500.97,104.21,128.0,-2.0,0.0,0.0,-2682.85,2037.35
190,2021-01-07,2990.44,572.31,0.0,89.88,53.44,287.52,884.99,138.34,406.36,121.03,247.0,-18.0,48.0,-88.0,-2638.65,1955.21
191,2021-01-08,4811.51,686.4,89.2,140.96,58.27,578.86,1081.55,318.48,1046.5,280.28,270.0,0.0,60.0,-217.0,-4280.88,3217.61
192,2021-01-09,3704.73,687.95,0.0,105.74,26.21,524.91,834.49,235.47,575.38,256.45,178.0,-37.0,10.0,-10.0,-3043.23,2127.25
193,2021-01-10,2971.88,422.51,0.0,81.48,62.26,448.86,840.94,134.6,502.07,185.17,74.0,-40.0,1.0,0.0,-2530.05,1894.55
194,2021-01-11,4272.74,484.83,111.0,88.47,34.75,629.71,1034.58,232.11,661.86,302.44,386.0,-62.0,23.0,-5.0,-3930.73,3069.58
195,2021-01-12,4167.16,875.51,0.0,67.56,62.07,462.60999999999996,962.33,211.92,499.77,144.22,529.0,-22.0,100.0,-45.0,-3296.09,2398.17
196,2021-01-13,3720.08,662.62,0.0,84.7,75.77,404.31,679.88,161.03,609.35,390.17,346.0,-4.0,19.0,-5.0,-3041.68,2172.14
197,2021-01-14,3428.67,645.8,71.9,97.38,45.37,571.5899999999999,678.88,125.67,499.33,146.84,268.0,-38.0,35.0,0.0,-2846.67,2080.53
198,2021-01-15,5055.5,764.15,89.2,115.38,20.8,521.6700000000001,997.99,268.0,721.96,351.03,787.0,-4.0,97.0,-21.0,-3699.93,2634.66
199,2021-01-16,4584.49,485.71,0.0,97.33,79.46,643.6300000000001,1291.64,184.0,627.78,363.27,415.0,-12.0,63.0,-20.0,-3611.46,2884.42
200,2021-01-17,3046.74,420.8,0.0,78.25,24.92,500.65000000000003,592.22,152.63,472.6,390.39,141.0,-15.0,30.0,0.0,-2430.69,1843.13
201,2021-01-18,3839.78,703.16,111.0,60.69,42.86,571.33,849.06,199.46,550.36,228.7,239.0,-3.0,53.0,-90.0,-2994.03,2261.18
202,2021-01-19,3843.95,512.23,0.0,80.96,62.67,432.07,949.2,201.06,425.31,176.48,673.0,-29.0,90.0,-16.0,-2869.01,2084.17
203,2021-01-20,4143.9,668.81,0.0,74.58,33.16,827.97,818.26,204.64,570.76,98.62,547.0,-9.0,44.0,-58.0,-3050.91,2122.85
204,2021-01-21,2987.24,649.82,0.0,115.28,56.26,370.05,495.15,208.06,349.05,211.98,271.0,-22.0,45.0,0.0,-2353.86,1751.8
205,2021-01-22,5763.95,714.86,0.0,87.4,82.32,565.1999999999999,1567.77,210.38,777.9,242.49,931.0,-47.0,73.0,-35.0,-4653.07,3530.75
206,2021-01-23,5234.3,613.93,0.0,113.13,64.45,927.2900000000001,1393.81,293.08,673.87,613.42,119.0,-6.0,26.0,-56.0,-4931.49,3784.08
207,2021-01-24,3441.67,497.71,71.7,62.09,35.72,605.4300000000001,953.27,212.56,448.95,128.22,103.0,-22.0,100.0,-50.0,-3123.9,2544.29
208,2021-01-25,4151.44,837.26,111.0,119.65,69.27,928.1099999999999,825.21,228.33,542.33,26.9,145.0,-71.0,31.0,0.0,-3649.02,2715.48
209,2021-01-26,4659.54,633.56,0.0,94.85,47.52,1215.7800000000002,1281.91,212.57,470.75,168.09,117.0,-4.0,25.0,-2.0,-3945.89,2972.1
210,2021-01-27,3995.63,646.94,89.2,89.19,49.36,701.23,949.99,211.97,473.08,167.08,262.0,-50.0,137.0,-61.0,-3381.45,2552.13
211,2021-01-28,4013.84,729.19,0.0,127.68,26.86,519.49,1309.77,200.08,470.8,127.96,118.0,-3.0,101.0,-59.0,-3439.22,2291.56
212,2021-01-29,5146.54,733.16,0.0,231.42,87.72,1074.53,1139.48,331.08,709.61,248.88,104.0,0.0,100.0,-55.0,-4110.24,3018.92
213,2021-01-30,4331.75,481.96,167.9,40.49,63.18,950.9699999999999,710.15,191.44,698.75,441.73,163.0,-16.0,191.0,-118.0,-3913.49,3026.41
214,2021-01-31,3240.76,505.42,0.0,93.49,83.66,404.9200000000001,1222.5,200.65,361.24,103.54,79.0,-84.0,20.0,-36.0,-2909.59,2346.64
215,2021-02-01,4779.69,887.07,111.0,110.07,51.49,941.94,1047.07,218.58,514.6,88.34,268.5,-18.0,185.0,-14.0,-4076.37,3123.58
216,2021-02-02,2751.54,483.54,0.0,60.36,55.79,255.04999999999998,810.49,225.22,427.84,104.9,141.0,-52.0,52.0,-47.0,-2089.57,1547.97
217,2021-02-03,3911.49,612.17,0.0,108.02,76.79,613.74,992.45,195.28,628.84,248.85,161.0,-8.0,58.0,-112.0,-3385.37,2417.17
218,2021-02-04,4947.75,835.52,335.5,77.13,78.0,776.96,1439.02,228.13,466.03,145.37,162.0,-72.0,50.0,0.0,-3951.88,3009.49
219,2021-02-05,4567.51,673.86,0.0,98.6,58.32,679.45,1133.39,343.72,722.68,291.19,159.0,-3.0,66.0,-65.0,-3566.5,2818.13
220,2021-02-06,4675.07,686.6,0.0,71.58,41.41,851.7,1296.86,293.45,543.49,336.0,202.0,-86.0,38.0,-4.0,-3755.72,2811.17
221,2021-02-07,4724.24,727.31,171.5,105.16,56.39,716.4200000000001,1401.34,228.49,549.43,291.27,57.0,-46.0,125.0,-74.0,-4576.89,3527.61
222,2021-02-08,4439.88,777.04,111.19,105.49,53.62,507.61,1309.24,155.46,449.27,184.6,195.0,-23.0,368.0,-110.0,-3432.15,2543.19
223,2021-02-09,3248.7,708.71,0.0,57.97,31.9,472.39000000000004,798.52,159.93,490.22,117.29,140.0,-8.0,112.0,-110.0,-2758.64,2006.53
224,2021-02-10,4128.39,907.38,89.9,125.85,59.15,449.07000000000005,1016.38,163.18,705.77,244.81,0.0,0.0,0.0,0.0,-3743.39,2885.5
225,2021-02-11,3844.48,596.21,0.0,63.34,35.09,703.76,1055.0,206.4,531.7,172.45,66.0,-10.0,107.0,-12.0,-3693.5,2691.42
226,2021-02-12,4745.08,738.59,0.0,127.24,57.88,983.6300000000001,1221.97,208.42,657.17,258.76,112.0,-42.0,16.0,-10.0,-4280.5,2781.99
227,2021-02-13,2658.15,449.94,0.0,77.2,36.05,439.02,686.46,155.13,338.35,178.77,63.0,-6.0,10.0,0.0,-2570.27,1911.07
228,2021-02-14,3315.35,460.78,0.0,74.67,35.3,498.79,1156.63,208.35,328.94,207.3,67.0,-6.0,13.0,-20.0,-2667.53,1904.49
229,2021-02-15,3973.9,685.88,0.0,79.23,25.95,775.5600000000001,890.14,259.96,573.78,162.08,100.0,-6.0,133.0,-45.0,-3076.01,2285.53
230,2021-02-16,4039.17,771.95,183.6,90.73,53.94,442.93,1097.37,161.48,453.3,381.18,104.0,0.0,80.0,-136.0,-3488.28,2657.63
231,2021-02-17,4667.43,531.23,91.0,94.66,65.29,643.9100000000001,1604.5,251.21,556.18,292.95,280.0,-9.0,53.0,-190.0,-4533.42,3335.97
232,2021-02-18,4116.36,739.97,0.0,119.1,47.89,485.16,1323.19,241.75,546.18,183.84,69.0,-2.0,94.0,-92.0,-3295.45,2483.19
233,2021-02-19,3567.07,598.16,80.9,71.86,54.61,388.43,662.42,246.78,583.76,376.25,121.0,-10.0,190.0,-95.0,-3097.25,2178.55
234,2021-02-20,4592.43,836.55,0.0,112.29,48.07,1061.26,1075.39,205.44,561.73,148.01,155.5,-2.0,24.0,-30.0,-3860.26,2953.24
235,2021-02-21,2644.63,389.3,0.0,70.56,41.99,309.76,789.19,218.51,329.8,159.51,93.0,-32.0,99.0,-66.0,-2120.39,1618.53
236,2021-02-22,3844.42,697.97,111.9,48.75,32.93,441.01,1154.61,242.03,520.89,175.46,65.0,0.0,62.0,-44.0,-3143.62,2400.33
237,2021-02-23,3948.89,708.14,0.0,67.38,38.28,799.21,1109.97,147.1,458.97,143.78,167.0,-15.0,92.0,-108.0,-2833.47,1914.07
238,2021-02-24,4339.77,591.78,172.8,139.44,65.87,688.06,1120.54,250.22,477.33,231.68,88.0,0.0,242.0,-131.0,-3858.23,2960.35
239,2021-02-25,4360.51,808.11,0.0,77.99,63.42,760.23,933.39,209.79,693.39,300.66,145.0,-15.0,0.0,0.0,-3852.84,2891.87
240,2021-02-26,5244.36,760.14,172.4,176.99,23.04,690.19,1407.02,304.32,643.41,380.39,163.0,-10.0,193.0,-109.0,-4413.89,3322.67
241,2021-02-27,4990.13,689.89,87.8,139.59,47.42,1174.0700000000002,1263.34,269.65,589.34,211.86,43.0,0.0,196.0,-160.0,-4028.4,2974.68
242,2021-02-28,3577.46,443.17,170.9,106.47,57.63,469.48999999999995,932.41,227.04,380.08,404.89,64.0,-40.0,74.0,-23.0,-3298.83,2449.55
243,2021-03-01,4666.4,683.29,203.8,146.15,46.74,791.8599999999999,1377.05,301.57,532.2,113.87,113.0,-59.0,120.0,-115.0,-3835.2,2888.91
244,2021-03-02,3555.2,719.02,0.0,129.3,61.15,584.1600000000001,719.96,271.43,505.86,245.12,61.0,0.0,198.0,-255.0,-3327.98,2479.33
245,2021-03-03,3705.0,503.83,91.0,135.88,49.18,566.21,861.02,255.32,536.57,318.38,74.0,0.0,147.0,-157.0,-3054.31,2236.34
246,2021-03-04,3621.36,612.22,0.0,135.38,55.8,547.04,1055.66,250.3,406.77,155.06,43.0,-18.0,90.0,-25.0,-3134.22,2314.85
247,2021-03-05,4173.98,733.73,80.9,112.07,32.73,412.94,858.33,185.67,711.29,446.7,80.0,-4.0,286.0,-113.0,-3177.28,2449.57
248,2021-03-06,4723.46,610.68,0.0,122.5,63.17,883.5699999999999,1179.36,120.09,589.45,346.31,136.0,0.0,111.0,-25.0,-4063.14,2949.59
249,2021-03-07,4119.64,406.51,0.0,67.47,38.5,893.11,1354.14,230.16,481.15,199.05,78.0,-3.0,92.0,-77.0,-3294.63,2474.85
250,2021-03-08,3519.79,659.53,111.9,85.43,55.1,484.33000000000004,765.36,297.33,413.83,243.88,89.0,-4.0,100.0,-85.0,-3029.32,2037.23
251,2021-03-09,4252.17,655.86,0.0,89.47,68.79,895.4499999999999,996.78,244.48,513.4,305.49,131.0,-40.0,30.0,-5.0,-3274.12,2230.94
252,2021-03-10,4604.98,545.56,172.8,119.83,77.86,1082.04,1151.38,210.85,442.71,216.6,112.0,0.0,180.0,-97.0,-3842.06,2862.65
253,2021-03-11,4579.97,800.2,89.9,152.01,51.99,999.9100000000001,873.78,285.64,549.49,271.86,103.0,-4.0,90.0,-80.0,-4470.96,3425.07
254,2021-03-12,5607.87,636.07,229.8,135.35,51.95,853.6500000000001,1721.69,313.45,675.63,379.7,120.0,0.0,21.0,-20.0,-5148.95,3780.38
255,2021-03-13,6208.93,651.94,0.0,150.79,63.05,1982.0900000000001,1552.53,207.57,661.54,230.2,175.0,-31.0,166.0,-139.0,-4983.49,3820.14
256,2021-03-14,3873.66,523.66,102.8,77.03,33.06,1163.22,984.65,185.73,362.61,37.58,63.0,-2.0,32.0,-30.0,-3447.23,2562.95
257,2021-03-15,4407.65,651.92,201.8,139.51,43.68,772.63,1030.18,204.83,647.79,216.56,67.0,-3.0,79.0,-27.0,-3412.41,2622.43
258,2021-03-16,5777.57,740.81,0.0,93.08,61.83,1873.23,1320.42,199.91,537.73,271.85,69.0,-15.0,177.0,-50.0,-5491.24,4451.59
259,2021-03-17,5595.23,561.95,0.0,113.87,103.02,1629.18,1356.63,349.6,463.14,267.81,146.0,-41.0,192.0,-27.0,-4850.45,3707.98
260,2021-03-18,4488.1,659.94,0.0,114.95,72.71,1491.2300000000002,825.12,193.83,493.76,157.82,68.0,-3.0,89.0,-65.0,-4084.66,3096.48
261,2021-03-19,6246.94,737.75,80.9,128.57,66.84,1660.3600000000001,1432.54,294.3,549.99,564.17,148.0,0.0,171.0,-127.0,-4845.99,3695.19
262,2021-03-20,5068.23,648.4,0.0,116.76,96.74,1161.49,1193.4,247.32,762.66,347.05,113.0,-13.0,111.0,-50.0,-4137.92,3022.67
263,2021-03-21,4484.1,467.1,0.0,125.25,98.87,837.55,1486.88,327.45,454.62,285.79,68.0,-40.0,0.0,0.0,-4301.04,3302.12
264,2021-03-22,5040.0,675.78,203.8,99.62,82.13,903.09,1760.38,32.63,536.69,273.29,0.0,0.0,0.0,0.0,-4593.96,3245.81
265,2021-03-23,3466.0,467.78,0.0,100.26,18.26,509.2600000000001,975.61,268.59,549.76,212.31,58.0,-20.0,50.0,-20.0,-3188.02,2478.33
266,2021-03-24,4151.83,466.19,71.8,84.3,52.44,677.5200000000001,1308.41,255.04,508.32,284.76,114.0,-20.0,16.0,-29.0,-3637.16,2501.25
267,2021-03-25,4645.06,773.79,0.0,132.69,65.04,822.1800000000001,1185.55,272.08,510.05,360.89,84.0,0.0,77.0,-40.0,-4249.28,3261.45
268,2021-03-26,5466.8,608.97,91.9,119.05,43.81,1079.32,1179.0,229.0,752.87,605.87,114.0,-3.0,221.0,-37.0,-4457.41,3431.5
269,2021-03-27,6040.75,580.21,91.0,171.63,88.43,1150.14,1762.2,257.73,474.69,779.47,131.0,-34.0,83.0,-16.0,-5086.74,3616.67
270,2021-03-28,3090.93,505.39,0.0,105.05,62.95,534.4399999999999,849.58,158.7,436.49,101.86,68.0,-3.0,30.0,-25.0,-2582.78,1914.85
271,2021-03-29,4950.32,494.59,111.9,122.72,102.46,1194.47,1260.73,202.02,622.38,275.79,89.0,-9.0,162.0,-103.0,-4121.25,3179.29
272,2021-03-30,5742.23,742.58,91.9,83.58,64.28,1983.52,1094.76,226.96,635.24,235.94,76.0,0.0,62.0,-59.0,-4656.78,3431.82
273,2021-03-31,4613.9,650.79,0.0,159.49,56.89,894.52,1171.28,224.6,535.25,302.89,87.0,0.0,214.0,-74.0,-3755.99,2862.29
274,2021-04-01,4937.2,800.56,90.8,137.46,97.66,511.01000000000005,1438.62,298.41,538.16,494.79,27.0,0.0,160.0,-97.0,-4394.57,3382.59
275,2021-04-02,7339.29,686.07,0.0,139.93,79.43,1745.2400000000002,2048.94,194.67,906.98,664.69,116.0,-5.0,151.0,-21.0,-6585.4,5075.88
276,2021-04-03,5454.73,725.7,287.1,130.38,84.15,1209.48,1388.75,193.18,436.14,438.66,87.0,-7.0,158.0,-153.0,-4455.35,3385.09
277,2021-04-04,4042.01,554.99,0.0,90.37,65.73,691.2700000000001,1172.45,253.44,579.45,151.45,54.0,-5.0,233.0,-145.0,-3238.32,2476.41
278,2021-04-05,5095.41,791.21,111.9,133.78,67.05,1117.43,999.25,201.82,717.71,244.7,80.0,-3.0,238.0,-32.0,-4126.12,3186.6
279,2021-04-06,4582.29,583.77,80.9,122.25,62.14,544.79,1250.73,236.91,540.75,535.37,117.0,-23.0,508.0,-363.0,-3785.04,2885.64
280,2021-04-07,4742.52,648.71,89.9,116.52,89.29,875.27,1062.55,203.84,506.24,319.73,115.0,-6.0,549.0,-206.0,-3790.55,2664.25
281,2021-04-08,5452.95,607.69,71.8,114.72,59.24,927.58,1561.93,391.42,639.79,297.13,124.0,-4.0,310.0,-105.0,-4338.99,3348.44
282,2021-04-09,4382.97,542.08,0.0,126.77,49.26,437.38,1463.88,118.99,548.73,308.71,114.0,-44.0,425.0,-225.0,-3598.61,2633.03
283,2021-04-10,5047.33,631.43,0.0,116.15,92.84,833.7900000000001,1234.98,228.35,689.25,583.08,71.0,-8.0,161.0,-14.0,-4725.44,3579.62
284,2021-04-11,4119.1,392.39,0.0,86.13,42.97,529.32,1630.72,232.7,494.59,254.81,135.0,-10.0,132.0,-160.0,-3566.62,2723.33
285,2021-04-12,4011.55,755.39,111.9,114.0,61.12,545.9300000000001,1041.2,230.89,464.99,169.62,149.0,-36.0,177.0,-119.0,-3551.93,2678.96
286,2021-04-13,4950.1,611.73,91.9,118.53,83.97,936.2800000000001,1382.03,249.75,500.52,285.81,84.0,-57.0,274.0,-25.0,-3928.71,3046.52
287,2021-04-14,4235.71,627.53,91.9,135.91,51.24,527.4,1580.69,72.96,429.83,251.76,0.0,0.0,0.0,0.0,-3785.71,2885.27
288,2021-04-15,5261.28,879.9,0.0,129.79,66.39,1154.46,1226.71,189.08,637.16,352.37,91.0,-19.0,249.0,-148.0,-4371.33,2555.57
289,2021-04-16,5260.31,583.01,0.0,166.73,58.42,810.2500000000001,1394.52,261.92,780.21,670.76,57.0,-2.0,72.0,-55.0,-4379.09,2980.08
290,2021-04-17,5855.28,625.93,263.8,163.26,107.84,976.28,1383.86,201.1,793.99,670.41,205.0,-54.0,45.0,-30.0,-5357.4,4083.74
291,2021-04-18,4332.93,588.88,0.0,82.07,41.84,797.1200000000001,1023.57,227.77,557.12,420.51,150.0,-14.0,140.0,-48.0,-3642.54,2748.53
292,2021-04-19,5649.21,694.86,111.9,114.32,33.27,1170.3700000000001,1519.42,274.3,723.39,297.79,132.0,-7.0,243.0,-145.0,-4890.26,3363.15
293,2021-04-20,4504.79,604.95,95.1,146.94,58.89,707.83,995.4,244.2,580.54,491.3,123.0,-46.0,289.0,-168.0,-3819.75,2911.84
294,2021-04-21,5539.33,761.51,263.4,159.2,52.48,928.4,1312.52,310.99,681.51,389.33,139.0,-4.0,110.0,-41.0,-4895.73,3794.94
295,2021-04-22,5184.61,732.39,0.0,154.17,87.79,729.1400000000001,1752.07,206.87,575.98,363.15,103.0,-4.0,114.0,-77.0,-4695.32,3593.4
296,2021-04-23,5526.31,903.48,0.0,127.08,73.01,603.64,1487.25,183.97,820.9,509.09,215.0,0.0,426.0,-282.0,-4178.21,3100.31
297,2021-04-24,5104.81,474.02,0.0,130.93,51.01,789.7499999999999,1828.88,294.36,650.03,398.9,86.0,-2.0,35.0,-84.0,-4798.92,3612.43
298,2021-04-25,4182.27,558.46,0.0,132.92,59.82,1022.02,1039.7,152.17,457.65,294.41,162.0,-43.0,10.0,-26.0,-3619.02,2768.3
299,2021-04-26,5216.54,759.41,275.6,122.44,58.81,994.54,1307.72,281.74,554.74,259.49,121.0,0.0,89.0,-59.0,-4514.65,3810.28
300,2021-04-27,4730.65,709.35,0.0,105.37,31.57,718.21,1591.85,205.78,508.77,239.84,151.0,-4.0,69.0,0.0,-3797.45,2535.7
301,2021-04-28,3976.1,635.16,0.0,52.08,53.19,513.87,1133.59,265.2,681.46,160.33,104.0,-12.0,58.0,-12.0,-3491.54,2480.15
302,2021-04-29,4872.66,825.4,0.0,145.12,95.63,768.39,1192.53,308.55,654.44,204.71,180.0,-35.0,285.0,-158.0,-4023.36,2931.53
303,2021-04-30,5305.83,706.64,71.9,98.31,53.48,786.62,1231.46,241.58,919.51,391.06,287.0,-23.0,295.0,-194.0,-4380.35,3319.6
304,2021-05-01,4579.67,613.94,91.9,110.13,73.17,652.4000000000001,1058.85,298.2,534.66,502.01,237.0,0.0,70.0,-45.0,-3726.04,2789.37
305,2021-05-02,4001.52,531.92,95.1,80.82,54.07,605.36,1029.96,230.53,482.46,379.17,109.0,-35.0,172.0,-74.0,-3376.9,2527.4
306,2021-05-03,5364.34,808.12,111.9,93.77,63.71,596.05,1911.53,260.89,602.56,347.29,112.0,-17.0,156.0,-151.0,-4477.42,3346.84
307,2021-05-04,5554.39,560.39,339.9,131.6,50.56,914.3400000000001,1567.88,329.59,721.84,255.04,104.0,0.0,227.0,-125.0,-4596.15,3438.77
308,2021-05-05,4531.91,623.35,87.8,84.03,36.65,620.9699999999999,1395.24,387.62,545.41,238.52,96.0,-2.0,159.0,-135.0,-3617.38,2622.81
309,2021-05-06,4875.09,722.13,91.9,102.14,70.37,674.6200000000001,1490.2,151.97,649.99,300.54,144.0,-2.0,65.0,0.0,-3993.53,2912.12
310,2021-05-07,5593.43,710.33,71.9,121.21,72.5,663.48,1656.01,219.75,891.47,429.16,182.0,-3.0,180.0,-105.0,-4824.84,3565.24
311,2021-05-08,5176.05,560.86,0.0,124.52,66.85,1443.81,1329.39,200.77,615.43,267.63,150.0,-33.0,20.0,-20.0,-4509.53,3467.45
312,2021-05-09,5042.4,745.07,111.9,134.89,45.77,594.88,1361.04,187.58,633.25,737.77,18.0,0.0,154.0,-128.0,-4668.68,3495.21
313,2021-05-10,4511.25,509.3,0.0,114.94,59.47,810.1500000000001,1568.26,145.78,582.01,178.32,139.0,-6.0,166.0,-143.0,-3674.88,2675.04
314,2021-05-11,4596.86,771.0,177.4,97.16,54.42,664.41,1106.8,257.13,685.86,246.93,146.0,0.0,10.0,-17.0,-3969.46,2772.25
315,2021-05-12,5385.12,881.56,0.0,96.01,50.23,1481.71,1004.48,249.46,630.76,413.84,114.0,-3.0,202.0,-207.0,-4383.86,3295.28
316,2021-05-13,5277.75,688.93,0.0,131.76,71.75,1245.02,1050.86,247.42,686.1,459.36,156.0,-5.0,110.0,-11.0,-3929.03,2890.52
317,2021-05-14,5745.15,878.83,0.0,191.47,80.97,626.89,1350.1,344.42,778.21,698.69,318.0,-3.0,40.0,-36.0,-4656.8,3789.13
318,2021-05-15,6244.26,762.13,0.0,150.69,66.18,1631.25,1371.69,144.21,897.47,619.85,146.0,-41.0,12.0,-35.0,-4684.42,4008.98
319,2021-05-16,3677.45,497.37,0.0,69.08,42.3,703.6,1040.74,165.28,585.08,137.28,122.0,0.0,10.0,-12.0,-3145.35,2323.71
320,2021-05-17,4982.72,739.93,199.7,104.95,53.47,486.01,1758.49,194.89,554.57,273.71,131.0,0.0,148.0,-89.0,-4260.93,3018.92
321,2021-05-18,4773.49,811.7,0.0,85.74,68.93,805.57,1096.08,248.64,574.9,393.28,269.0,-5.0,32.0,-5.0,-3674.1,2778.16
322,2021-05-19,5458.8,751.82,91.9,126.31,88.91,1083.87,1475.08,215.38,588.14,305.39,195.0,-34.0,154.0,-42.0,-4648.5,3510.58
323,2021-05-20,5205.08,753.72,172.0,136.8,93.98,502.40999999999997,1259.9,164.05,684.25,727.29,225.0,0.0,50.0,0.0,-4618.94,3507.79
324,2021-05-21,5195.49,645.92,0.0,124.1,75.31,659.33,1202.7,317.61,844.52,524.34,331.0,-23.0,92.0,-29.0,-4432.37,3443.37
325,2021-05-22,5139.19,707.76,87.8,99.19,58.26,750.4799999999999,1379.89,241.71,734.24,513.81,200.0,-20.0,72.0,-133.0,-4324.63,3248.91
326,2021-05-23,3917.37,537.56,159.6,75.16,37.55,429.18,1267.4,205.17,569.09,166.1,97.0,-4.0,90.0,-50.0,-2963.69,2127.33
327,2021-05-24,4706.09,594.6,282.7,73.7,57.93,905.0500000000001,1026.59,222.58,571.36,338.08,179.0,-5.0,97.0,-35.0,-4030.98,3113.43
328,2021-05-25,5148.75,690.99,267.5,168.35,49.02,1170.7800000000002,1425.16,224.31,453.23,184.42,107.0,0.0,114.0,-160.0,-4595.48,3675.57
329,2021-05-26,4513.25,599.62,87.8,112.62,64.57,1194.96,1189.62,174.13,417.76,136.76,118.0,0.0,38.0,-8.0,-3301.25,2221.47
330,2021-05-27,4940.62,614.79,0.0,102.45,60.25,796.8,1338.73,241.29,637.91,593.59,92.0,-3.0,64.0,-33.0,-4166.3,3126.56
331,2021-05-28,5458.02,752.83,0.0,195.72,68.41,427.10999999999996,1622.86,325.89,857.05,584.24,154.0,-39.0,36.0,-5.0,-4866.39,3782.94
332,2021-05-29,5555.24,782.7,0.0,148.25,65.0,903.3199999999999,1324.36,217.83,823.42,701.91,140.0,-6.0,48.0,-79.0,-4572.85,3655.17
333,2021-05-30,3813.2,500.58,0.0,112.11,37.7,926.25,760.5,147.51,521.35,509.7,89.0,-24.0,0.0,-112.0,-3218.19,2500.07
334,2021-05-31,5310.95,631.57,134.28,128.49,45.61,703.8100000000001,1766.66,255.41,705.88,348.48,129.0,-8.0,81.0,-74.0,-4777.22,3570.46
335,2021-06-01,4527.83,930.43,0.0,167.11,63.81,448.12,1121.19,178.41,598.71,423.13,107.0,-6.0,128.0,-15.0,-3612.98,2680.32
336,2021-06-02,5487.82,835.16,0.0,182.55,43.43,729.78,1689.36,270.04,563.08,539.78,180.0,0.0,49.0,-120.0,-4482.47,3270.24
337,2021-06-03,5485.47,824.62,164.7,123.26,74.13,776.24,1624.24,224.94,664.78,360.88,111.0,-11.0,179.0,-103.0,-4513.82,3400.09
338,2021-06-04,5649.22,763.58,0.0,143.87,95.49,837.7800000000001,1638.36,205.46,677.12,675.35,163.0,0.0,44.0,-84.0,-4842.61,3753.17
339,2021-06-05,5408.87,451.75,264.7,105.45,82.25,1474.7300000000002,1196.68,229.22,611.6,372.48,168.0,-3.0,219.0,-230.0,-4667.27,3498.41
340,2021-06-06,4140.93,445.4,0.0,109.57,41.55,759.67,1333.09,175.25,412.18,409.99,95.0,-2.0,29.0,-19.0,-3807.16,2866.26
341,2021-06-07,4805.32,719.45,111.9,132.56,57.66,661.23,941.23,175.13,542.09,272.67,217.0,-59.0,101.0,-31.0,-3808.01,2643.52
342,2021-06-08,5073.22,614.46,87.8,115.16,50.96,1249.93,1362.47,161.95,504.5,162.5,123.0,-43.0,56.0,-14.0,-3734.8,2661.6
343,2021-06-09,4698.4,667.29,91.9,129.47,68.36,888.3700000000001,1103.08,167.47,562.04,545.03,111.0,0.0,65.0,-112.0,-3722.76,2832.53
344,2021-06-10,5115.24,777.21,91.0,132.6,110.12,968.2900000000001,1488.59,194.99,672.5,196.3,88.0,0.0,179.0,-231.0,-4021.62,2870.88
345,2021-06-11,5735.18,787.88,91.1,119.05,130.37,695.4200000000001,1867.59,255.61,764.19,380.66,114.0,-5.0,117.0,-74.0,-4703.96,3817.37
346,2021-06-12,5916.93,773.34,87.8,139.66,59.62,883.28,1690.27,248.26,652.4,759.91,98.0,-3.0,34.0,-25.0,-4397.89,3226.88
347,2021-06-13,4442.6,579.98,91.9,60.76,52.36,803.84,1158.64,187.55,439.64,604.98,60.0,0.0,140.0,-126.0,-3856.67,2977.43
348,2021-06-14,4452.03,553.24,111.9,80.89,36.72,963.3500000000001,1035.3,287.39,541.12,362.45,118.0,-26.0,23.0,-25.0,-3568.39,2603.16
349,2021-06-15,5365.17,586.47,91.9,143.15,68.18,1262.5199999999998,1638.62,180.48,587.62,352.66,92.0,-40.0,-11.0,-67.0,-4405.01,3294.98
350,2021-06-16,5470.06,786.93,163.7,171.92,65.41,967.71,1534.98,233.9,666.42,233.87,172.0,-3.0,55.0,-50.0,-4821.85,3595.31
351,2021-06-17,5028.44,870.52,80.9,138.68,64.47,616.36,1264.54,240.55,705.09,405.3,121.0,-7.0,165.0,-65.0,-4175.06,3133.63
352,2021-06-18,6192.12,846.2,79.6,104.2,83.34,1101.7799999999997,1402.22,268.06,859.33,765.04,126.0,-15.0,141.0,-107.0,-4618.38,3501.25
353,2021-06-19,5779.68,630.37,0.0,176.64,98.37,986.49,1251.22,242.98,586.73,1145.8,198.0,-20.0,36.0,-50.0,-4762.75,3528.99
354,2021-06-20,4432.18,551.36,0.0,137.05,17.71,745.49,1037.04,187.41,524.72,632.54,102.0,-2.0,251.0,-130.0,-3635.01,2792.38
355,2021-06-21,5350.04,745.53,280.6,101.8,47.93,869.6400000000001,1600.64,186.75,632.84,282.0,162.0,-13.0,102.0,-114.0,-4651.81,3350.45
356,2021-06-22,5813.57,720.7,91.9,105.48,45.61,980.2700000000001,1720.0,326.04,813.64,342.0,114.0,-4.0,120.0,-67.0,-4721.2,3441.73
357,2021-06-23,5430.95,742.63,351.2,152.03,55.26,587.0400000000001,1751.8,197.69,507.98,446.35,170.0,-15.0,15.0,0.0,-4335.07,3234.78
358,2021-06-24,5328.84,718.02,91.9,152.91,57.09,894.13,1549.39,227.67,825.03,408.23,154.0,-294.0,77.0,-13.0,-4739.52,4159.28
359,2021-06-25,5282.01,821.42,0.0,143.8,70.48,604.8399999999999,1616.02,218.32,692.12,455.23,146.0,-3.0,97.0,-31.0,-4441.74,3518.13
360,2021-06-26,5350.7,769.99,0.0,180.67,88.4,740.9800000000001,1361.25,153.48,796.27,556.25,167.0,-10.0,137.0,-42.0,-4857.37,3698.35
361,2021-06-27,3982.72,528.2,0.0,145.55,46.08,568.9100000000001,1034.33,163.0,570.47,298.51,271.0,-53.0,237.0,-155.0,-3011.4,2144.72
362,2021-06-28,4445.96,768.21,203.8,185.49,75.04,327.51000000000005,1084.62,203.18,707.5,340.34,166.0,-2.0,123.0,-115.0,-3610.95,2698.19
363,2021-06-29,5746.16,851.67,71.8,126.86,32.74,1509.1100000000001,1177.92,192.15,662.18,429.12,242.0,-4.0,85.0,-135.0,-4595.42,3451.45
364,2021-06-30,5207.79,662.93,0.0,117.32,67.46,699.2900000000001,1654.88,164.19,679.26,572.91,124.0,-2.0,22.0,-5.0,-4634.96,3496.92
365,2021-07-01,6112.84,1120.68,0.0,106.9,66.75,1132.35,1381.72,314.27,633.38,678.98,126.0,0.0,145.0,-130.0,-4877.55,3745.69
366,2021-07-02,6774.64,813.62,168.7,210.4,59.14,889.6500000000001,1799.59,230.51,1055.59,703.91,99.0,0.0,179.0,-22.0,-5514.48,4192.68
367,2021-07-03,6523.84,753.05,91.0,186.26,71.12,1017.54,1583.36,243.22,684.46,1089.6,123.0,-10.0,206.0,-80.0,-5734.76,4220.47
368,2021-07-04,5122.19,600.89,0.0,97.24,146.94,682.1800000000001,1454.43,190.04,802.41,616.38,58.0,0.0,60.0,-31.0,-4540.16,3611.39
369,2021-07-05,3901.71,633.99,111.9,75.27,58.7,589.99,1012.2,200.11,505.95,294.01,125.0,0.0,111.0,-159.0,-3334.69,2510.72
370,2021-07-06,5640.5,857.15,0.0,154.21,57.91,744.18,1760.28,180.39,613.33,586.2,256.0,-6.0,58.0,-111.0,-4523.35,3414.89
371,2021-07-07,6416.24,709.08,91.9,165.08,85.6,814.68,2174.14,257.04,762.36,583.26,172.0,-11.0,164.0,-108.0,-5764.11,4579.11
372,2021-07-08,6024.54,826.57,175.6,121.91,53.19,1332.0800000000002,1562.66,297.77,541.85,451.57,163.0,-8.0,102.0,-127.0,-4822.9,3575.1
373,2021-07-09,5881.61,950.74,0.0,158.5,108.89,677.44,1572.57,203.85,856.1,707.46,228.0,-45.0,140.0,-190.0,-4975.88,3597.39
374,2021-07-10,6322.12,790.13,0.0,167.95,52.46,859.1000000000001,1919.18,217.23,727.35,792.93,225.0,-51.0,182.0,-108.0,-4686.42,3475.16
375,2021-07-11,4089.44,578.69,0.0,89.25,45.56,529.92,1087.91,241.61,593.09,474.63,161.0,-56.0,25.0,-41.0,-3599.1,2740.93
376,2021-07-12,5914.29,648.55,339.5,115.85,79.93,1287.9700000000003,1577.77,227.36,730.09,266.55,122.0,-11.0,60.0,-50.0,-4320.29,3492.04
377,2021-07-13,5229.5,582.75,0.0,131.22,72.6,642.1700000000001,1456.24,196.76,851.65,724.08,82.0,-3.0,48.0,-14.0,-4346.44,3151.28
378,2021-07-14,4386.06,574.91,0.0,153.37,89.72,491.29,1472.62,215.44,599.46,249.27,116.0,0.0,53.0,-5.0,-3503.39,2642.93
379,2021-07-15,5830.63,996.42,91.9,166.89,71.91,1045.89,1323.32,270.36,712.35,531.33,64.0,0.0,190.0,-148.0,-4757.54,3405.18
380,2021-07-16,6377.71,802.11,168.7,118.54,99.89,1015.3300000000002,1800.85,353.3,875.59,569.36,97.0,0.0,137.0,-234.0,-5607.65,4303.62
381,2021-07-17,5463.13,741.69,0.0,142.93,69.96,988.1899999999999,1397.85,180.86,574.51,604.7,155.0,-7.0,209.0,-58.0,-4618.86,3554.41
382,2021-07-18,4532.91,669.19,91.0,162.83,51.6,761.61,1073.96,267.42,470.53,523.49,97.0,-14.0,0.0,-24.0,-3776.69,2802.97
383,2021-07-19,6446.02,634.2,111.9,180.63,79.8,1325.13,1850.7,252.68,729.57,565.86,151.0,-6.0,45.0,-40.0,-5644.62,4277.77
384,2021-07-20,6419.64,621.71,0.0,144.0,50.29,2243.3100000000004,1458.44,259.09,704.59,233.42,100.0,0.0,50.0,-12.0,-5511.57,4340.44
385,2021-07-21,5082.21,577.49,0.0,117.94,54.98,996.29,1495.31,225.83,575.61,335.14,185.0,-7.0,228.0,-135.0,-4054.26,3112.61
386,2021-07-22,6490.6,1004.64,0.0,171.99,109.31,1355.01,1570.18,284.35,843.93,529.87,154.0,-84.0,25.0,-50.0,-5785.57,4495.63
387,2021-07-23,6103.2,763.29,328.4,146.8,106.41,708.9799999999999,1712.9,238.75,864.26,533.41,164.0,-44.0,55.0,-5.0,-5009.69,3967.6
388,2021-07-24,6808.42,677.79,0.0,178.7,124.47,1238.4,2161.35,201.02,946.61,475.79,187.0,-7.0,235.0,-199.0,-5870.89,4443.28
389,2021-07-25,4658.92,483.58,0.0,118.1,86.41,593.58,1550.19,197.94,687.37,502.12,142.0,-21.0,108.0,-203.0,-4108.88,3237.32
390,2021-07-26,6099.77,769.75,111.9,148.86,78.84,991.31,1800.08,315.04,647.64,542.32,145.0,-15.0,95.0,-64.0,-4840.39,3686.79
391,2021-07-27,5567.96,658.65,0.0,165.71,55.13,1036.72,1585.16,236.2,689.7,521.98,138.0,-52.0,53.0,-10.0,-4923.2,3761.77
392,2021-07-28,5497.63,633.17,0.0,198.51,58.09,714.01,1678.79,170.2,819.47,507.8,169.0,-11.0,167.0,-80.0,-4754.44,3588.41
393,2021-07-29,6606.7,930.83,91.9,185.66,143.38,1629.45,1628.74,254.55,783.68,326.06,81.0,0.0,228.0,-260.0,-5538.4,4256.48
394,2021-07-30,6625.45,947.08,0.0,163.68,99.31,1111.6200000000001,1773.76,237.52,853.01,570.35,210.0,-2.0,351.0,-256.0,-5766.49,4474.72
395,2021-07-31,6466.19,730.54,0.0,201.46,49.96,1273.1,1777.36,314.04,522.01,704.2,189.0,-4.0,145.0,-10.0,-5732.2,4421.8
396,2021-08-01,5724.04,611.3,0.0,144.17,91.42,990.99,1725.37,246.45,628.66,589.68,126.0,-10.0,101.0,-15.0,-5130.77,3978.9
397,2021-08-02,5402.84,710.5,111.9,175.44,55.53,800.89,1442.96,234.23,703.79,443.91,275.0,-14.0,60.0,-60.0,-4794.98,3681.24
398,2021-08-03,6144.34,822.58,91.9,160.77,57.52,1349.7,1741.32,272.74,621.18,246.62,129.0,-3.0,296.0,-173.0,-4355.25,3500.06
399,2021-08-04,5395.27,656.12,71.8,154.91,100.0,881.17,1624.76,274.26,548.53,418.41,163.0,-4.0,83.0,-40.0,-4199.61,2904.55
400,2021-08-05,5298.66,802.93,87.8,124.42,74.6,699.94,1585.75,193.01,554.89,570.1,92.0,0.0,161.0,-110.0,-4574.34,3563.78
401,2021-08-06,6513.33,838.97,0.0,183.27,117.22,898.25,1532.91,301.0,988.27,930.69,139.0,-2.0,90.0,-72.0,-5258.24,4230.79
402,2021-08-07,5746.03,803.45,0.0,138.48,75.8,1296.91,1669.56,213.88,565.33,321.38,164.0,-36.0,38.0,-6.0,-5035.97,3862.21
403,2021-08-08,4924.08,516.06,0.0,96.9,56.8,651.3800000000001,1520.17,209.12,538.17,790.02,96.0,-3.0,30.0,-10.0,-4386.55,3361.12
404,2021-08-09,5493.7,696.92,369.6,146.92,37.66,586.68,1577.87,279.51,670.09,541.22,126.0,-7.0,25.0,-44.0,-4733.67,3986.56
405,2021-08-10,5216.65,813.9,0.0,199.37,62.88,884.5,1620.56,150.0,684.63,104.95,146.0,-2.0,70.0,-25.0,-3762.58,3070.37
406,2021-08-11,5054.1,593.13,91.0,124.47,49.33,880.52,1627.13,235.06,692.91,198.01,101.0,-6.0,89.0,-66.0,-4056.02,3265.93
407,2021-08-12,6412.6,708.88,80.5,250.96,109.42,780.22,2393.17,185.85,784.5,467.49,91.0,-6.0,166.0,-236.0,-5297.48,4848.18
408,2021-08-13,6677.86,872.85,0.0,207.74,72.56,795.1,1919.28,247.85,1049.73,785.53,211.0,-10.0,229.0,-291.0,-5541.59,4610.9
409,2021-08-14,6000.48,624.77,91.9,148.43,93.06,1325.51,1440.82,256.3,683.31,709.12,100.0,-2.0,46.0,-45.0,-5241.45,4011.28
410,2021-08-15,4337.77,562.91,0.0,118.15,60.73,578.85,1355.05,132.87,549.05,465.59,89.0,-6.0,85.0,-30.0,-3901.0,3061.9
411,2021-08-16,5791.17,880.45,183.7,154.92,45.0,851.05,1874.05,194.88,635.43,450.86,0.0,0.0,0.0,0.0,-4891.17,3627.36
412,2021-08-17,5331.03,562.09,0.0,146.98,43.42,849.15,1854.06,270.17,535.46,411.43,85.0,-7.0,181.0,-64.0,-4913.51,3786.45
413,2021-08-18,6016.53,601.73,614.6,166.13,67.23,537.83,2079.94,221.75,674.41,215.12,220.0,-10.0,275.0,-228.0,-5244.48,4041.69
414,2021-08-19,6297.75,833.18,87.8,163.74,37.05,1042.39,1811.19,205.87,687.12,644.95,84.0,0.0,335.0,-182.0,-5235.69,4430.02
415,2021-08-20,6493.42,770.82,0.0,133.2,63.16,1234.37,2112.9,245.37,641.73,492.42,124.0,0.0,209.0,-97.0,-6196.14,4854.44
416,2021-08-21,5001.98,626.0,0.0,114.35,144.4,730.16,1330.71,247.49,0.0,374.38,206.0,-14.0,206.0,-163.0,-4380.32,3288.88
417,2021-08-22,4867.31,460.94,0.0,139.54,66.56,1012.34,1266.62,172.9,524.1,671.26,81.0,0.0,85.0,-38.0,-4576.47,3611.68
418,2021-08-23,5442.41,569.41,203.8,132.86,62.48,1196.31,1389.84,235.13,674.44,395.07,152.0,-14.0,40.0,-75.0,-3909.34,3113.9
419,2021-08-24,5862.89,610.0,91.0,204.5,16.52,919.85,1942.01,190.11,607.48,565.83,155.0,-6.0,53.0,0.0,-4120.8,3358.0
421,2021-08-26,6153.34,689.95,0.0,140.45,51.05,1516.31,1529.71,281.25,616.3,457.31,151.0,-25.0,195.0,-43.0,-4748.95,4325.36
422,2021-08-27,6651.78,864.07,78.7,237.6,14.45,663.41,2176.54,392.31,740.43,620.69,157.0,-14.0,251.0,-108.0,-4748.95,4376.56
423,2021-08-28,6049.17,638.66,79.9,153.13,98.44,1433.32,1507.93,204.89,783.2,482.24,131.0,-20.0,158.0,-141.0,-5417.6,4028.59
424,2021-08-29,3915.16,543.29,0.0,102.29,68.2,650.83,978.08,266.79,541.78,290.31,85.0,0.0,51.0,0.0,-3350.49,2521.72
425,2021-08-30,4767.69,703.38,111.9,101.83,50.7,648.21,1529.03,191.61,667.59,194.28,179.0,-15.0,40.0,-50.0,-5623.56,2975.39
426,2021-08-31,5403.06,634.46,188.8,237.43,4.93,700.65,1805.68,253.87,737.3,89.4,207.5,-23.0,170.0,-69.0,-4127.52,3310.02
427,2021-09-01,6078.83,668.04,0.0,144.52,60.42,1029.32,2036.6,258.31,588.75,558.17,174.0,-8.0,90.0,-50.0,-5283.06,4003.07
428,2021-09-02,6918.16,998.23,0.0,168.46,87.89,2082.38,1367.39,248.38,780.13,376.78,194.0,-5.0,227.0,-210.0,-5007.05,3891.88
429,2021-09-03,6431.53,803.64,0.0,216.0,92.76,1084.3,1820.99,262.1,867.12,672.73,217.0,-45.0,59.0,-188.0,-5946.15,4554.77
430,2021-09-04,5710.34,676.05,0.0,129.17,89.12,927.67,1624.85,253.49,866.47,455.82,141.0,-2.0,175.0,-120.0,-5236.49,3935.74
431,2021-09-05,5120.41,760.5,279.8,131.96,56.45,654.11,1226.77,143.56,924.53,376.54,124.0,-9.0,162.0,-161.0,-4474.74,3253.79
432,2021-09-06,5738.95,724.82,111.9,122.26,55.75,700.93,1958.71,231.74,700.98,383.98,176.0,-17.0,180.0,-85.0,-4714.86,3977.5
433,2021-09-07,5891.95,910.11,0.0,118.08,58.29,729.75,1904.55,258.21,627.48,537.52,142.0,-32.0,204.0,-75.0,-5328.04,4106.12
434,2021-09-08,6608.37,657.71,256.8,195.38,81.22,1453.72,1799.7,281.91,513.05,667.03,92.0,-2.0,34.0,-5.0,-5389.31,4516.21
435,2021-09-09,6211.53,994.34,250.0,155.23,51.22,804.71,1412.48,288.42,773.47,784.99,109.0,-4.0,50.0,-5.0,-4341.47,3223.27
436,2021-09-10,6748.35,759.24,91.0,198.64,82.19,792.37,2229.64,278.74,842.8,554.7,269.0,-14.0,207.0,-118.0,-6016.4,4551.33
437,2021-09-11,6305.96,671.62,182.0,146.47,51.85,1062.59,1401.94,275.61,882.12,768.33,250.0,-30.0,109.0,-5.0,-4897.76,3856.27
438,2021-09-12,4843.72,581.62,91.0,100.31,35.58,738.86,1227.56,174.29,675.55,502.48,133.0,-43.0,257.0,-40.0,-4120.39,3155.24
439,2021-09-13,6982.13,638.85,311.89,197.32,78.82,2638.35,1339.69,246.2,580.35,236.42,184.0,-8.0,138.0,-219.0,-5272.38,3622.48
440,2021-09-14,5835.1,656.51,182.0,153.42,48.87,976.75,1807.77,251.39,643.33,245.14,180.0,-12.0,305.0,-95.0,-4687.02,3852.86
441,2021-09-15,4618.26,599.5,0.0,100.12,57.22,692.19,1352.23,181.08,438.03,566.77,121.0,0.0,146.0,-29.0,-3719.21,3050.4
442,2021-09-16,5611.09,753.83,89.1,148.89,91.53,871.4,1503.53,224.09,689.63,561.6,194.0,-47.0,98.0,-52.0,-5135.38,3959.65
443,2021-09-17,6588.57,821.28,0.0,148.65,62.54,1260.03,1892.25,231.49,790.51,345.52,243.0,-40.0,450.0,-166.0,-5938.24,4512.08
444,2021-09-18,6039.89,838.12,331.6,137.59,73.44,1048.29,1676.81,298.2,686.39,297.69,156.0,-18.0,115.0,-133.0,-5013.41,3775.77
445,2021-09-19,4572.66,627.51,0.0,101.9,62.86,462.29,1637.04,228.79,616.77,265.28,128.0,-9.0,60.0,-15.0,-4186.79,3307.91
446,2021-09-20,5832.94,817.37,395.9,203.12,25.29,984.9,1359.86,282.64,759.32,332.64,150.0,-72.0,160.0,-80.0,-5344.87,4418.39
447,2021-09-21,6000.87,804.0,96.4,157.63,16.17,1209.77,1692.57,277.47,616.42,313.33,87.0,-12.0,300.0,-75.0,-4820.79,3674.41
448,2021-09-22,5717.74,709.48,86.9,233.68,16.95,917.45,1616.38,176.87,638.34,325.0,332.0,-4.0,378.0,-180.0,-4091.64,3422.99
449,2021-09-23,5466.5,705.34,89.1,192.39,119.75,876.23,1496.05,250.61,765.05,254.73,182.0,-23.0,84.0,-11.0,-4464.45,0.0
450,2021-09-24,6935.34,913.07,0.0,217.2,114.26,1151.69,1873.1,311.08,972.89,603.47,98.0,-4.0,180.0,-100.0,-6321.29,5034.93
451,2021-09-25,6318.34,944.62,0.0,160.94,99.62,1053.98,1817.69,292.25,725.06,555.8,185.0,-14.0,151.0,-209.0,-5325.24,4131.78
452,2021-09-26,5360.25,630.3,0.0,91.94,74.66,951.79,1751.67,189.89,675.12,283.21,101.0,-15.0,225.0,-90.0,-5014.38,4023.49
453,2021-09-27,6244.35,767.43,484.7,107.25,51.51,1147.7,1814.57,278.81,471.05,211.74,403.0,-38.0,76.0,-60.0,-5863.27,4549.84
454,2021-09-28,5176.63,609.27,108.2,119.23,42.95,878.82,1404.33,214.65,629.83,370.62,228.0,-33.0,270.0,-100.0,-4007.99,2868.93
455,2021-09-29,4651.69,764.76,0.0,120.55,49.37,478.62,1320.23,277.88,518.22,474.35,171.0,0.0,171.0,-90.0,-3801.22,3070.39
456,2021-09-30,5936.94,721.71,89.1,154.42,50.05,862.84,1792.54,264.02,754.37,543.38,131.0,-47.0,127.0,-25.0,-5750.89,4379.56
457,2021-10-01,7915.37,780.65,0.0,232.02,82.4,2009.85,2021.4,272.06,911.42,579.49,231.0,-14.0,164.0,-46.0,-6030.3,4772.23
458,2021-10-02,5887.24,701.02,178.18,122.91,66.15,1099.27,1546.74,216.31,552.75,570.17,295.0,-43.0,116.0,-33.0,-5001.58,3753.67
459,2021-10-03,4445.16,512.83,185.0,76.86,78.95,943.99,1303.68,123.31,511.08,195.83,97.0,-15.0,140.0,-94.0,-3992.85,3169.17
460,2021-10-04,5795.81,732.09,633.8,113.27,70.98,834.99,1310.35,169.36,667.53,428.18,631.0,-318.0,494.0,-461.0,-4651.56,3610.31
461,2021-10-05,5317.5,626.78,0.0,110.67,58.03,1180.48,1677.64,164.52,648.8,287.91,73.0,0.0,169.0,-168.0,-4230.07,3208.6
462,2021-10-06,4977.59,651.05,89.1,175.44,0.0,814.89,1637.46,238.76,574.43,183.56,132.0,-12.0,118.0,-63.0,-4142.29,3311.76
463,2021-10-07,5546.19,503.01,0.0,102.71,14.65,835.06,1746.41,643.51,821.18,643.51,45.0,-4.0,84.0,-10.0,-5265.79,4334.06
464,2021-10-08,5858.41,670.1,178.2,144.12,59.26,626.74,1702.45,266.03,798.89,677.76,126.0,-19.0,448.0,-328.0,-5081.18,4104.28
465,2021-10-09,5892.51,624.55,0.0,203.77,78.15,1110.18,1743.38,313.38,684.4,429.68,97.0,-2.0,148.0,-50.0,-5106.63,3902.16
466,2021-10-10,4836.12,437.11,89.1,145.99,40.03,927.63,1585.48,235.72,604.01,199.04,58.0,0.0,249.0,-158.0,-4137.06,2983.99
467,2021-10-11,6137.11,615.54,203.7,94.7,68.36,1316.34,2253.61,171.73,627.43,0.0,138.0,-4.0,284.0,-161.0,-5070.49,3837.96
468,2021-10-12,4570.28,753.77,0.0,68.64,58.89,851.75,942.45,331.75,655.12,253.82,130.0,-11.0,230.0,-81.0,-3770.12,2811.6
469,2021-10-13,4864.81,648.76,0.0,124.43,82.4,883.51,1776.42,196.91,625.91,164.61,99.0,-20.0,171.0,-331.0,-4282.83,2945.26
470,2021-10-14,6389.28,709.72,93.2,113.33,62.88,1277.6,1846.81,280.83,680.73,567.87,104.0,-3.0,143.0,-45.0,-5690.35,4419.08
471,2021-10-15,7008.71,995.32,172.0,108.76,61.32,1340.68,2194.89,326.98,943.46,228.52,89.0,-2.0,128.0,-210.0,-5395.04,4131.97
472,2021-10-16,6120.1,765.49,0.0,234.82,10.16,678.96,2068.99,258.54,694.84,588.01,145.0,-3.0,177.0,-30.0,-5500.89,4054.25
473,2021-10-17,4593.32,481.46,163.6,55.87,30.84,815.88,1531.25,190.74,686.54,251.85,72.0,-7.0,121.0,-219.0,-4242.64,3212.26
474,2021-10-18,5358.15,716.22,204.5,102.0,62.88,777.97,1489.17,311.97,643.23,471.79,107.0,-3.0,172.0,-167.0,-4676.79,3588.08
475,2021-10-19,5079.99,656.45,93.2,70.73,61.31,578.45,1818.07,172.05,697.57,365.4,153.0,-21.0,98.0,-110.0,-4349.81,3351.63
476,2021-10-20,6212.61,612.63,89.1,153.24,57.38,1427.51,1812.96,249.03,702.97,377.2,119.0,-33.0,164.0,-64.0,-4636.54,3565.27
477,2021-10-21,6628.95,865.14,190.2,144.12,62.18,1988.71,1463.84,389.19,587.34,226.19,159.0,-7.0,325.0,-160.0,-5844.32,4498.77
478,2021-10-22,6789.7,628.53,0.0,100.05,117.69,1048.28,2598.44,260.44,870.25,511.44,34.0,-23.0,48.0,-8.0,-5897.79,4589.78
479,2021-10-23,5298.18,811.14,0.0,174.58,12.34,750.78,1483.21,298.63,729.11,348.26,123.0,-5.0,221.0,-111.0,-4410.02,3545.0
480,2021-10-24,4140.55,465.49,93.2,97.99,46.38,695.97,1183.55,336.28,488.85,253.92,98.0,-12.0,359.0,-329.0,-3838.09,2980.86
481,2021-10-25,5649.07,781.84,112.7,112.49,82.64,785.49,1611.4,245.64,645.94,483.75,192.0,-51.0,229.0,-63.0,-4495.67,3332.77
482,2021-10-26,6523.46,719.51,91.8,112.66,42.39,1080.76,2324.27,150.88,674.99,472.56,154.0,-4.0,181.0,-55.0,-6057.59,4617.44
483,2021-10-27,4851.01,666.27,91.8,114.63,100.4,686.0,1603.5,287.54,607.36,0.0,112.0,-2.0,332.0,-156.0,-3691.92,2726.92
484,2021-10-28,5028.53,594.82,347.8,120.95,74.81,832.55,1576.94,233.47,674.99,68.12,56.0,-4.0,107.0,-102.0,-4323.96,3199.4
485,2021-10-29,7541.2,891.08,180.9,173.1,80.32,1697.06,2168.03,321.2,858.85,353.26,54.0,-3.0,131.0,-30.0,-7098.13,5547.08
486,2021-10-30,6238.03,485.13,0.0,140.93,7.63,1582.38,1506.08,244.54,878.31,695.28,93.0,0.0,162.0,-116.0,-5108.58,3909.9
487,2021-10-31,5324.48,667.18,91.8,126.68,110.0,961.42,1505.94,353.22,520.87,320.87,192.0,-21.0,53.0,-14.0,-4363.78,3383.74
488,2021-11-01,4729.95,647.92,112.7,121.76,115.51,628.65,1769.38,192.82,542.83,138.92,87.0,-4.0,105.0,-146.0,-3917.93,3070.43
489,2021-11-02,4895.08,567.48,91.0,75.86,41.45,866.92,1901.8,241.49,465.76,86.01,99.0,0.0,27.0,0.0,-4249.14,3256.46
490,2021-11-03,4894.43,637.86,445.8,77.33,63.42,758.38,1205.77,306.46,677.35,190.69,74.0,-2.0,123.0,-96.0,-4588.39,3506.27
491,2021-11-04,6031.3,1023.01,0.0,110.97,33.29,1491.12,1581.11,255.83,556.14,286.65,80.0,-4.0,279.0,-195.0,-5223.1,3987.41
492,2021-11-05,6449.0,726.32,93.2,108.91,92.01,1337.32,2040.32,246.96,734.7,213.64,178.0,-53.0,479.0,-300.0,-5535.07,4222.86
493,2021-11-06,5579.78,489.29,91.8,225.46,9.55,941.96,1962.09,223.06,640.2,446.89,69.0,0.0,74.0,-100.0,-4928.89,4056.59
494,2021-11-07,4986.1,751.79,82.9,93.57,79.28,860.71,1568.49,257.74,343.72,380.82,77.0,-8.0,171.0,-109.0,-4855.02,3810.3
495,2021-11-08,4778.05,887.05,289.9,129.3,88.59,643.31,1153.62,219.76,631.35,210.7,96.0,-7.0,138.0,-120.0,-4399.34,3391.34
496,2021-11-09,5464.26,662.31,170.0,121.85,28.36,681.48,1867.79,280.21,536.73,409.34,125.0,-15.0,215.0,-147.0,-4295.15,3411.32
497,2021-11-10,6423.96,563.17,0.0,132.08,46.06,1997.18,1643.29,213.37,600.87,516.99,76.0,0.0,118.0,-53.0,-4577.85,3356.98
498,2021-11-11,4733.09,586.5,95.9,106.17,77.64,755.27,1594.72,223.49,621.76,120.83,111.0,0.0,79.0,-52.0,-4099.93,3459.37
499,2021-11-12,5980.85,747.54,183.6,116.19,54.44,1034.3,1827.72,245.48,868.57,294.53,119.0,-18.0,113.0,-139.0,-5300.54,4222.97
500,2021-11-13,5938.9,632.95,0.0,132.75,57.94,1140.18,1625.54,414.39,852.89,442.03,148.0,-10.0,195.0,-219.0,-5109.48,4114.99
501,2021-11-14,4631.73,493.22,0.0,81.98,59.55,1204.62,1220.7,187.6,487.01,337.22,113.0,-15.0,112.0,-55.0,-3903.4,2997.51
502,2021-11-15,5015.04,434.54,112.7,112.18,51.99,680.94,1920.31,334.73,546.51,192.15,103.0,-7.0,173.0,-76.0,-4359.18,3405.45
503,2021-11-16,5563.89,685.6,462.7,96.49,66.31,767.57,1564.2,338.84,684.71,199.99,204.0,-26.0,375.0,-338.0,-4877.43,3763.63
504,2021-11-17,4668.89,621.74,0.0,91.75,50.24,604.75,1747.12,187.58,575.46,199.89,68.0,-4.0,157.0,-35.0,-4152.82,3314.34
505,2021-11-18,5016.4,828.27,0.0,104.13,88.55,754.03,1542.54,175.11,585.52,380.57,84.0,-2.0,267.0,-255.0,-4348.86,3516.53
506,2021-11-19,6869.71,689.18,90.9,130.98,76.98,971.86,2498.72,286.25,791.53,274.7,162.0,-22.0,764.0,-422.0,-5837.63,4748.44
507,2021-11-20,5979.14,571.88,0.0,131.56,66.75,1075.55,1743.04,299.67,682.55,631.82,228.0,-3.0,91.0,-55.0,-5296.54,4108.72
508,2021-11-21,5533.19,504.72,91.8,81.63,46.89,1500.24,1570.87,241.05,531.26,419.29,35.0,0.0,102.0,-89.0,-5533.19,3571.39
509,2021-11-22,4993.96,645.01,282.7,95.59,53.06,919.73,1087.26,196.11,599.21,541.64,134.0,-10.0,95.0,-85.0,-4289.04,3238.27
510,2021-11-23,6920.36,757.75,91.8,80.96,79.12,2159.1,1472.82,354.32,668.59,390.93,157.0,-18.0,220.0,-95.0,-5446.29,4330.97
511,2021-11-24,8372.94,748.09,91.8,139.6,90.43,1537.98,3103.08,327.69,643.71,757.43,114.0,0.0,60.0,-5.0,-7440.35,5723.7
512,2021-11-25,3864.58,308.42,0.0,129.7,42.56,577.81,1087.78,219.35,630.19,378.7,90.0,0.0,80.0,-15.0,-3358.13,2793.41
513,2021-11-26,6859.65,749.97,0.0,105.0,70.62,1913.75,1895.9,240.87,682.85,450.64,114.0,-30.0,77.0,-16.0,-5614.36,4573.78
514,2021-11-27,5177.91,588.12,91.8,146.44,47.83,629.15,2010.07,160.85,523.64,390.3,155.0,-84.0,313.0,-251.0,-4384.76,3620.12
515,2021-11-28,4156.01,493.41,98.2,52.77,59.93,464.55,1400.48,304.65,621.59,188.69,117.0,-6.0,24.0,-28.0,-3676.52,2768.02
516,2021-11-29,6010.39,814.97,112.7,131.85,71.18,1106.21,2027.98,240.35,531.66,257.1,189.0,-16.0,160.0,-140.0,-4925.45,3736.63
517,2021-11-30,5139.65,523.34,0.0,106.05,63.93,1387.33,1451.96,264.34,551.53,135.68,114.0,-8.0,230.0,-125.0,-4053.75,3131.72
518,2021-12-01,6025.65,737.45,264.9,121.78,45.74,1591.64,1469.56,252.49,602.23,211.56,155.0,-3.0,111.0,-61.0,-4943.57,3906.87
519,2021-12-02,6263.41,810.59,0.0,112.89,65.12,945.6,2366.03,249.28,632.34,394.81,174.0,0.0,151.0,-191.0,-5029.3,3771.52
520,2021-12-03,7300.07,831.98,465.9,149.23,99.98,1149.73,2398.76,380.09,838.63,195.19,98.0,0.0,214.0,-164.0,-6271.88,5071.3
521,2021-12-04,6126.38,520.61,71.8,134.78,62.22,1307.45,1995.46,195.65,502.95,592.48,108.0,-7.0,130.0,-25.0,-5040.07,3950.58
522,2021-12-05,4233.46,387.45,0.0,103.24,71.05,812.57,1410.76,196.92,556.29,75.17,166.0,0.0,248.0,-150.0,-3684.84,2986.67
523,2021-12-06,5347.28,684.83,112.7,122.17,104.62,988.3,1483.56,261.21,595.69,406.2,92.0,-14.0,59.0,-18.0,-4991.5,3849.64
524,2021-12-07,4469.69,640.76,0.0,95.4,39.07,842.62,1294.75,166.88,371.03,431.0,159.0,-28.0,195.0,-123.0,-3411.22,2647.97
525,2021-12-08,4651.62,760.89,0.0,159.99,71.48,816.73,1329.12,273.99,547.6,143.76,125.0,-30.0,129.0,-82.0,-3849.39,3268.73
526,2021-12-09,4709.63,606.23,93.2,104.28,75.8,897.14,1308.84,345.98,508.37,248.44,58.0,-3.0,113.0,-60.0,-4075.4,3110.66
527,2021-12-10,6320.96,834.52,0.0,162.83,48.17,1364.27,1870.22,268.8,771.09,357.55,76.0,0.0,50.0,-69.0,-5752.21,4335.21
528,2021-12-11,4989.39,501.56,91.8,188.85,19.23,807.01,1188.54,304.51,756.82,435.89,107.0,0.0,202.0,-61.0,-4173.06,3363.09
529,2021-12-12,4760.0,514.27,0.0,65.1,42.51,1575.96,1252.74,181.51,511.28,110.49,170.0,-4.0,197.0,-280.0,-3564.5,2713.84
530,2021-12-13,6588.81,823.97,282.7,102.98,85.97,1780.21,1796.35,247.37,630.02,142.49,120.0,0.0,114.0,-124.0,-5593.2,4287.47
531,2021-12-14,5253.81,379.06,0.0,106.15,44.66,1211.4,1913.39,191.41,459.12,277.94,108.0,-5.0,262.0,-149.0,-3891.02,2984.74
532,2021-12-15,6243.45,770.04,91.0,108.73,81.34,934.15,2344.32,259.74,489.95,519.58,172.0,-51.0,25.0,-55.0,-5654.36,4457.59
533,2021-12-16,5839.49,695.42,93.2,111.81,41.75,942.98,1707.4,261.62,633.19,523.47,329.0,-6.0,122.0,-115.0,-5108.4,3896.98
534,2021-12-17,7485.02,630.95,788.2,148.41,89.8,1345.53,2187.98,306.33,640.31,555.35,150.0,0.0,93.0,-113.0,-7384.87,5713.8
535,2021-12-18,6337.36,613.14,0.0,128.74,65.78,1284.54,2031.28,257.14,587.15,455.53,112.0,-2.0,451.0,-184.0,-5799.33,4569.49
536,2021-12-19,5806.66,462.98,191.4,137.91,12.46,1134.9,1555.56,401.49,483.53,814.26,104.0,-60.0,48.0,0.0,-5392.57,4290.15
537,2021-12-20,6205.16,545.07,112.7,94.27,91.26,1246.62,1375.26,248.55,466.13,570.13,117.0,-11.0,223.0,-143.0,-5159.8,3912.86
538,2021-12-21,5662.36,516.56,91.8,185.77,70.26,1377.37,1763.97,229.07,547.09,249.2,72.0,0.0,151.0,-90.0,-5088.97,4103.23
539,2021-12-22,6792.81,792.18,112.7,103.22,36.1,1757.42,1821.64,319.93,708.14,189.63,211.0,-8.0,231.0,-70.0,-5040.86,3789.4
540,2021-12-23,9254.63,961.18,71.8,135.13,58.93,1907.4,2545.37,413.53,833.84,1110.32,190.0,-3.0,421.0,-192.0,-7685.03,5854.25
541,2021-12-24,8562.0,822.71,0.0,143.62,83.86,2115.0,1931.55,336.52,929.06,964.19,222.0,0.0,637.0,-366.0,-7243.19,5834.64
542,2021-12-25,3147.36,328.3,0.0,194.76,43.96,617.92,926.57,100.02,529.56,31.96,219.0,0.0,-122.0,0.0,-2408.42,1728.73
543,2021-12-26,3288.18,524.88,0.0,82.06,101.73,521.09,816.36,217.03,473.77,204.87,115.0,-17.0,30.0,-67.0,-2880.35,2150.27
544,2021-12-27,6270.95,568.33,93.2,148.57,81.84,1084.65,2488.09,331.62,542.59,231.95,119.0,0.0,170.0,-140.0,-5791.63,4446.19
545,2021-12-28,5292.99,767.99,0.0,74.34,58.87,931.52,1944.06,283.58,657.75,96.06,130.0,-17.0,95.0,-214.0,-4917.02,3886.37
546,2021-12-29,6913.67,816.98,0.0,87.95,92.72,1218.82,2265.66,386.21,630.07,452.01,273.0,0.0,172.0,-75.0,-6543.51,5010.63
547,2021-12-30,4719.39,557.67,112.7,82.21,46.68,671.29,1656.68,247.81,573.05,283.62,92.0,-22.0,72.0,-75.0,-3708.48,2899.07
548,2021-12-31,8121.78,817.56,0.0,125.04,90.98,2050.54,2075.43,464.86,1125.98,276.52,220.0,-16.0,220.0,-26.0,-6163.46,4754.02
549,2022-01-01,4702.36,473.35,0.0,170.04,16.5,636.49,1777.41,220.13,452.92,166.79,329.0,-2.0,105.0,-35.0,-3625.49,2797.01
550,2022-01-02,4230.2,704.79,253.8,63.96,57.78,449.85,1381.21,239.97,428.83,117.78,192.0,-11.0,20.0,-35.0,-3806.28,2833.16
551,2022-01-03,5916.62,762.89,91.0,104.89,53.19,767.95,2077.61,370.35,550.87,168.76,423.0,-19.0,80.0,-7.0,-4889.21,3777.42
552,2022-01-04,5832.81,583.7,112.7,119.75,79.5,824.98,2003.73,225.9,567.54,477.79,279.0,-14.0,119.0,-40.0,-4851.8,3895.08
553,2022-01-05,6446.46,642.86,0.0,187.05,69.25,1183.09,2328.64,264.95,631.13,205.36,474.0,-13.0,298.0,-371.0,-5237.96,4120.22
554,2022-01-06,4885.5,479.22,91.8,94.79,57.85,722.89,1925.99,262.72,422.9,185.59,211.0,-4.0,98.0,-84.0,-4005.99,3195.0
555,2022-01-07,6429.37,871.96,0.0,149.69,85.16,1223.89,1897.32,354.09,889.74,412.73,93.0,-13.0,44.0,-161.0,-5904.18,4539.96
556,2022-01-08,4640.03,568.99,0.0,111.31,7.57,957.08,1146.01,397.78,473.58,476.65,195.0,0.0,35.0,-144.0,-4351.61,3405.25
557,2022-01-09,4715.73,632.96,91.0,65.59,53.55,705.57,1607.38,186.68,370.7,306.45,193.5,-6.0,171.0,-60.0,-4179.23,3271.14
558,2022-01-10,5184.59,677.45,0.0,75.19,78.12,913.27,1574.95,206.95,793.38,130.76,158.0,-20.0,213.0,-56.0,-4449.49,3356.71
559,2022-01-11,5095.21,679.13,112.7,94.88,31.01,1036.54,1270.36,337.11,546.99,513.67,66.0,-6.0,55.0,-103.0,-4581.48,3411.86
560,2022-01-12,5476.69,751.68,95.9,106.07,68.51,816.97,2065.8,213.69,631.37,130.18,85.0,0.0,149.0,-120.0,-5112.45,3926.89
561,2022-01-13,5407.24,795.34,0.0,75.62,48.14,1310.92,1471.56,250.47,698.6,212.25,72.0,-9.0,46.0,-49.0,-4116.95,3182.32
562,2022-01-14,6367.55,743.94,182.0,103.68,56.92,1171.37,1893.97,420.91,611.31,391.31,147.0,-4.0,310.0,-215.0,-5168.9,4099.74
563,2022-01-15,4925.07,633.11,0.0,124.76,42.66,938.01,1297.76,251.76,623.54,513.34,74.0,-2.0,102.0,-114.0,-4601.41,3565.95
564,2022-01-16,4829.96,404.57,0.0,97.31,63.5,1241.36,1453.35,128.88,569.41,324.07,49.0,-5.0,307.0,-195.0,-3927.37,2923.07
565,2022-01-17,5450.33,568.35,112.7,151.51,100.7,797.9,1753.7,317.08,652.92,402.44,133.0,-2.0,177.0,-192.0,-4920.31,3434.62
566,2022-01-18,5078.46,527.14,78.7,86.32,36.46,980.03,1593.28,298.47,685.89,148.26,134.0,-14.0,209.0,-125.0,-4654.42,3474.64
567,2022-01-19,4767.27,689.32,0.0,127.66,54.0,734.67,1510.61,269.66,498.06,319.06,147.0,-10.0,31.0,-20.0,-4056.68,3140.85
568,2022-01-20,7415.44,628.24,277.9,106.99,59.13,1800.35,2378.51,277.42,843.16,281.1,68.0,-2.0,87.0,-52.0,-6932.76,5241.41
569,2022-01-21,6717.13,759.82,112.7,137.99,91.26,1085.26,2172.96,314.19,686.9,522.02,235.0,-10.0,177.0,-149.0,-5752.71,4412.4
570,2022-01-22,4729.05,603.17,0.0,89.63,13.54,742.12,1528.72,241.81,622.78,364.46,111.0,0.0,156.0,-165.0,-4003.91,3170.87
571,2022-01-23,4124.83,519.81,0.0,72.8,42.21,829.71,1192.88,206.0,471.7,255.85,108.0,-12.0,145.0,-63.0,-3529.2,2674.94
572,2022-01-24,6257.54,564.71,0.0,135.06,113.17,1317.47,2053.07,331.87,692.71,397.78,97.0,-20.0,97.0,-77.0,-4937.34,3737.83
573,2022-01-25,5887.49,662.63,91.8,94.0,90.14,954.76,1870.82,409.19,861.37,184.71,87.0,0.0,110.0,-45.0,-5405.42,4085.84
574,2022-01-26,5126.01,485.21,97.7,105.01,75.77,770.83,1862.42,244.07,500.1,303.76,134.0,0.0,88.0,-24.0,-4883.94,3657.59
575,2022-01-27,5653.79,809.15,184.5,140.21,82.37,837.48,1855.41,223.84,668.92,218.45,95.0,-4.0,146.0,-100.0,-5516.72,4216.79
576,2022-01-28,5756.77,699.4,283.6,138.98,67.46,967.7,1552.4,325.87,668.41,493.49,157.0,-101.0,118.0,-130.0,-5327.67,3998.79
577,2022-01-29,5298.44,641.67,0.0,197.64,28.89,754.0,1532.26,260.85,789.96,456.25,85.0,-9.0,96.0,-10.0,-4661.5,3696.17
578,2022-01-30,5413.06,448.5,0.0,135.62,1.74,858.13,2185.2,256.47,388.29,480.9,147.0,0.0,75.0,-41.0,-4791.69,4059.89
579,2022-01-31,5167.05,623.52,91.8,178.94,24.53,918.18,1640.76,229.51,639.28,210.62,129.0,0.0,271.0,-250.0,-4351.74,3367.74
580,2022-02-01,5472.66,812.63,0.0,103.56,76.77,591.2,2199.68,241.45,519.14,125.0,199.0,0.0,251.0,-107.0,-4787.66,3801.93
581,2022-02-02,5689.46,445.12,197.2,83.56,63.85,1051.82,1960.4,239.27,537.69,347.07,179.0,-3.0,241.0,-141.0,-5056.94,3958.87
582,2022-02-03,6107.07,675.9,90.9,133.18,84.47,848.04,1870.1,183.27,737.2,733.94,141.0,-3.0,125.0,-43.0,-5227.78,3976.45
583,2022-02-04,7498.56,791.47,91.8,107.79,63.33,1684.31,2139.52,339.15,899.49,535.25,168.0,-7.0,25.0,-2.0,-6654.5,5145.75
584,2022-02-05,5890.35,512.12,99.9,219.7,37.21,858.97,2061.95,297.7,693.92,374.54,87.0,-2.0,202.0,-94.0,-5347.15,4296.73
585,2022-02-06,5168.28,586.36,0.0,157.42,24.02,1140.67,1345.4,334.81,673.85,262.32,162.0,-19.0,74.0,-25.0,-4426.04,3844.27
586,2022-02-07,5083.01,621.94,0.0,169.41,5.37,832.61,1537.34,421.09,623.02,207.59,151.0,-4.0,85.0,-10.0,-5083.01,3375.2
587,2022-02-08,5628.37,553.3,0.0,151.34,28.47,1088.18,1785.46,285.68,656.22,232.04,146.0,-17.0,252.0,-10.0,-4487.21,3546.96
588,2022-02-09,5171.61,486.48,0.0,169.85,19.98,831.14,1742.39,265.02,718.18,278.9,213.0,-11.0,45.0,-38.0,-4412.55,3639.58
589,2022-02-10,6120.88,664.17,165.0,98.25,101.87,1097.89,1872.61,232.59,725.16,283.09,215.0,0.0,315.0,-165.0,-5147.47,3902.87
590,2022-02-11,7379.57,735.46,212.6,167.33,66.53,1295.86,2149.23,272.94,861.57,624.64,155.0,0.0,522.0,-316.0,-5979.4,4653.34
591,2022-02-12,6654.45,692.85,91.8,95.65,80.96,1246.49,1459.0,267.05,811.29,1122.18,139.5,-16.0,98.0,-30.0,-6219.63,4754.64
592,2022-02-13,4754.32,456.78,91.8,172.0,57.75,811.71,1230.12,294.48,687.88,286.55,44.0,-15.0,295.0,-64.0,-4292.9,3323.3
593,2022-02-14,5204.79,500.65,0.0,91.42,36.94,847.53,1759.4,412.97,637.81,251.14,114.0,-13.0,168.0,-55.0,-4384.03,3390.3
594,2022-02-15,5281.47,558.77,78.7,67.24,35.43,830.59,1669.55,445.64,573.02,259.53,171.0,0.0,170.0,-28.0,-4446.46,3410.36
595,2022-02-16,6518.36,652.67,112.7,81.65,46.47,1454.11,1911.76,312.83,710.23,250.08,97.0,0.0,767.0,-430.0,-5299.39,3989.81
596,2022-02-17,5581.48,583.7,93.2,105.27,32.54,863.92,1898.48,335.56,712.1,392.99,50.0,0.0,15.0,-3.0,-5307.56,4086.06
597,2022-02-18,6196.52,598.54,191.7,113.44,62.01,1119.39,2210.7,350.83,623.94,258.74,131.0,0.0,88.0,-100.0,-5596.51,4295.96
598,2022-02-19,6508.06,553.27,0.0,147.51,40.31,1191.2,2108.45,271.33,671.82,734.31,110.0,-2.0,143.0,-31.0,-5980.22,4574.31
599,2022-02-20,4819.85,510.24,0.0,84.87,66.3,1102.07,1409.25,263.91,529.5,267.22,69.0,-11.0,205.0,-95.0,-4407.65,3377.48
600,2022-02-21,4594.81,527.04,0.0,117.79,58.59,600.91,1762.37,220.2,579.5,33.76,80.0,0.0,467.0,-238.0,-3872.7,2963.35
601,2022-02-22,6631.85,648.78,207.7,136.85,77.1,1334.84,2446.54,322.05,661.63,123.22,113.0,-67.0,98.0,-65.0,-5292.53,4021.67
602,2022-02-23,5534.43,613.79,163.6,117.82,83.18,939.09,1890.08,251.13,492.03,314.22,111.0,0.0,122.0,-43.0,-5344.31,4015.13
603,2022-02-24,5789.01,617.24,99.9,110.05,87.55,1101.6,1902.34,335.26,631.46,175.61,84.0,0.0,170.0,-25.0,-4532.14,3533.98
604,2022-02-25,6950.64,665.63,0.0,186.53,61.51,1725.92,2283.07,220.97,824.43,330.96,135.0,-36.0,52.0,-124.0,-6923.52,5111.47
605,2022-02-26,5460.55,496.89,0.0,148.57,105.37,883.81,1885.76,284.01,722.39,327.69,110.0,0.0,30.0,-10.0,-5330.52,4074.16
606,2022-02-27,4816.31,437.81,0.0,91.84,64.93,1175.08,1503.29,200.97,525.96,303.08,74.0,0.0,37.0,-24.0,-4729.29,3622.51
607,2022-02-28,5960.17,692.52,478.5,120.16,40.61,1512.92,1379.02,280.7,409.95,252.52,203.0,0.0,330.0,-257.0,-4779.61,3645.43
608,2022-03-01,5125.29,776.64,181.8,120.74,74.93,1439.77,2319.61,254.56,612.5,157.03,139.0,-39.0,170.0,-90.0,-5698.88,4419.47
609,2022-03-02,5677.89,290.17,0.0,160.89,6.47,829.89,1938.71,208.12,486.7,157.11,129.0,-15.0,126.0,-90.0,-3826.12,3620.91
610,2022-03-03,6231.44,707.0,176.3,114.2,78.51,1060.48,1842.15,271.83,709.66,593.11,259.0,-73.0,132.0,-77.0,-6106.5,4698.49
611,2022-03-04,5508.01,950.82,401.7,147.51,96.49,1116.72,2035.51,377.67,808.25,764.36,138.0,-8.0,105.0,-25.0,-7360.85,5433.74
612,2022-03-05,6028.19,530.72,92.7,201.45,19.3,831.91,1474.51,188.1,647.47,435.09,155.0,-49.0,75.0,-35.0,-4037.48,3137.28
613,2022-03-06,6920.84,582.64,171.4,103.13,77.32,1126.62,1396.4,204.43,422.8,296.4,234.0,-52.0,347.0,-327.0,-4385.44,3367.31
614,2022-03-07,6347.85,642.09,94.1,149.11,63.35,843.69,2018.35,197.89,690.02,141.24,144.0,-2.0,138.0,-57.0,-4988.74,3797.49
615,2022-03-08,4441.15,755.97,162.7,108.26,70.46,1038.03,2118.75,242.96,601.03,220.49,170.0,-4.0,138.0,-83.0,-4749.53,3599.63
616,2022-03-09,5612.16,703.79,99.9,123.59,76.03,1029.53,1847.5,342.32,579.23,254.82,147.0,-3.0,91.0,-51.0,-5347.07,4083.28
617,2022-03-10,6298.32,661.81,0.0,209.49,88.22,1677.14,2089.0,347.57,769.24,260.11,111.0,-21.0,48.0,-45.0,-5606.03,4389.53
618,2022-03-11,6310.08,716.71,115.9,124.45,36.97,979.09,2195.15,305.61,737.53,416.07,144.0,-14.0,222.0,-212.0,-6020.2,4600.04
619,2022-03-12,6039.31,573.57,0.0,148.26,82.03,1348.73,2018.06,470.28,712.28,421.3,236.0,-21.0,12.0,-20.0,-5663.35,4340.67
620,2022-03-13,7130.7,514.58,99.9,66.75,72.48,1172.45,1681.82,227.15,471.13,277.96,78.0,-24.0,35.0,-45.0,-4377.16,3330.1
621,2022-03-14,5749.31,606.56,0.0,108.15,73.67,1184.69,1425.08,357.84,507.36,589.1,269.0,-55.0,204.0,-72.0,-5198.9,3946.46
622,2022-03-15,4753.63,757.68,183.8,108.28,71.34,1331.45,1809.63,232.33,655.86,395.86,131.0,-35.0,181.0,-141.0,-5810.57,4484.5
623,2022-03-16,6836.39,576.91,231.78,92.18,78.48,1065.19,1705.31,198.41,519.79,419.35,115.0,-6.0,208.0,-178.0,-5156.26,3911.68
624,2022-03-17,5107.58,586.83,90.9,153.13,82.52,913.11,2087.06,300.41,622.9,152.94,233.0,-45.0,841.0,-485.0,-5025.59,3862.69
625,2022-03-18,6174.24,664.15,91.4,123.35,110.66,967.89,2151.02,286.81,861.08,657.75,268.0,-12.0,530.0,-373.0,-6495.69,4809.28
626,2022-03-19,6706.42,712.01,0.0,168.76,96.44,1008.35,1956.2,263.83,846.59,491.5,231.0,-3.0,70.0,-60.0,-5779.83,4364.57
627,2022-03-20,4636.19,397.93,164.5,90.42,47.6,815.28,1222.59,183.79,407.07,381.17,148.0,-6.0,355.0,-134.0,-3631.71,2764.69
628,2022-03-21,6347.64,557.1,0.0,104.64,81.09,1286.63,1631.03,231.1,463.51,488.02,219.0,-3.0,145.0,-70.0,-4679.54,3608.59
629,2022-03-22,7571.0,532.64,139.06,92.81,76.19,1464.66,2036.29,300.01,668.52,167.4,263.0,-30.0,358.0,-315.0,-5174.61,3869.52
630,2022-03-23,5008.63,551.17,179.8,115.39,41.58,1226.07,1884.83,341.37,632.92,508.94,212.0,-27.0,161.0,-63.0,-6027.03,4637.63
631,2022-03-24,5014.53,614.96,0.0,102.05,124.19,1632.92,1526.16,324.88,731.42,275.03,183.0,-17.0,80.0,-60.0,-5633.29,4081.49
632,2022-03-25,5542.68,786.06,92.7,233.15,143.96,1313.64,2182.99,265.87,667.39,451.3,131.0,-40.0,493.0,-191.0,-6075.23,4596.33
633,2022-03-26,6110.46,551.84,0.0,107.52,65.39,893.88,1871.82,315.63,762.09,541.32,220.0,-44.0,58.0,-100.0,-5242.8,3973.54
634,2022-03-27,5741.28,536.85,99.9,145.75,69.41,861.3,1377.57,243.3,489.16,250.02,128.0,-18.0,260.0,-95.0,-4184.61,3121.94
635,2022-03-28,6799.07,783.72,115.9,205.78,49.97,1425.09,2254.78,280.45,565.81,476.77,92.0,0.0,145.0,-170.0,-6156.33,4701.22
636,2022-03-29,6329.52,643.38,0.0,160.05,35.02,655.07,1882.68,179.4,665.43,410.7,119.0,-12.0,227.0,-319.0,-4377.49,3566.59
637,2022-03-30,6552.57,540.3,365.4,91.66,59.98,1274.63,1818.3,203.35,559.72,496.56,128.0,0.0,140.0,-40.0,-5518.01,4243.48
638,2022-03-31,7420.0,718.09,0.0,124.44,83.12,2244.96,2123.33,222.58,632.7,505.76,195.0,-12.0,59.0,-15.0,-6297.77,4974.02
639,2022-04-01,7051.24,845.28,162.7,132.86,80.2,1273.93,2191.9,179.19,736.56,524.66,134.0,-2.0,210.0,-25.0,-6136.55,4801.28
640,2022-04-02,8154.62,834.28,99.99,213.46,80.17,2180.38,2269.03,362.82,761.57,480.94,225.0,-4.0,107.0,-175.0,-7798.25,6071.67
641,2022-04-03,5228.37,451.66,0.0,86.25,60.8,588.22,1951.14,285.37,610.43,682.37,68.0,-26.0,30.0,-28.0,-5184.37,3896.99
642,2022-04-04,6195.42,503.72,139.08,137.63,64.68,1163.13,1778.16,282.14,646.65,639.28,129.0,-2.0,300.0,-117.0,-5801.52,4527.38
643,2022-04-05,6059.2,665.1,357.6,106.1,54.54,799.44,2316.58,183.3,686.95,285.26,85.0,-7.0,147.0,-162.0,-5996.07,4555.42
644,2022-04-06,6443.79,541.35,275.5,166.48,123.88,976.57,1950.35,246.08,754.79,641.06,150.0,-6.0,227.0,-160.0,-5938.93,4352.64
645,2022-04-07,6420.21,652.6,93.2,100.9,72.65,1469.69,2007.95,194.68,605.35,471.27,97.0,-9.0,128.0,-25.0,-5635.12,4245.29
646,2022-04-08,6318.58,649.17,238.89,141.93,87.81,965.71,1926.15,244.99,660.59,681.54,154.0,-6.0,115.0,-113.0,-5901.87,4513.43
647,2022-04-09,6727.24,616.22,185.4,132.78,71.19,1199.21,2044.58,297.55,741.47,700.05,144.0,-24.0,120.0,-95.0,-6267.82,4894.31
648,2022-04-10,5364.51,593.13,0.0,96.16,52.91,1627.86,1448.52,282.19,507.29,167.2,63.0,0.0,106.0,-53.0,-4097.86,3184.52
649,2022-04-11,5150.15,702.07,114.31,114.31,42.41,740.73,1632.5,315.47,605.73,270.66,111.0,-7.0,73.0,-20.0,-4612.85,3540.16
650,2022-04-12,5806.84,653.16,345.6,86.93,52.29,936.8,1859.7,270.59,561.72,372.87,124.0,-8.0,40.0,0.0,-4921.47,3783.85
651,2022-04-13,5634.17,527.29,89.99,129.27,48.88,785.65,2061.53,201.27,600.43,449.91,187.0,-2.0,144.0,-75.0,-4826.19,3883.72
652,2022-04-14,6304.71,712.53,284.5,254.7,33.05,786.51,2054.0,375.05,680.44,401.12,100.0,-3.0,68.0,0.0,-5508.7,4295.68
653,2022-04-15,6818.86,556.53,193.1,150.01,16.01,1172.18,2233.65,346.18,945.91,461.09,76.0,-12.0,65.0,0.0,-5791.6,4468.16
654,2022-04-16,5858.94,625.41,0.0,178.41,12.45,1145.15,1888.54,231.87,654.82,405.05,104.0,-7.0,118.0,-13.0,-5364.21,4315.81
655,2022-04-17,5770.64,587.76,89.9,192.51,8.67,1229.28,1810.17,365.46,556.15,320.4,104.0,0.0,0.0,-10.0,-5143.2,4035.69
656,2022-04-18,5450.64,763.13,0.0,122.26,25.08,984.11,1720.29,199.11,510.05,467.6,167.0,-14.0,62.0,-34.0,-4832.67,3938.85
657,2022-04-19,6434.03,715.2,92.7,196.1,29.77,1629.36,1792.46,324.13,728.57,172.7,176.0,-5.0,20.0,-5.0,-5147.56,3983.65
658,2022-04-20,6059.89,641.24,0.0,236.27,14.33,1782.71,1555.36,238.93,505.72,510.71,211.0,-14.0,280.0,-121.0,-4823.55,3673.18
659,2022-04-21,5873.78,680.86,206.8,151.4,24.05,1424.14,1543.16,150.0,622.99,527.12,170.0,-9.0,117.0,-55.0,-4825.3,4369.46
660,2022-04-22,6460.06,724.29,105.4,248.57,32.21,1217.64,1633.13,328.23,643.62,769.37,184.0,0.0,80.0,-75.0,-5788.96,4662.83
661,2022-04-23,5915.53,599.15,185.4,141.53,8.65,1213.4,1744.91,213.71,504.04,387.26,167.0,0.0,260.0,-10.0,-4771.86,3909.94
662,2022-04-24,5418.09,634.85,99.9,139.37,60.46,979.9,1252.17,316.13,649.95,574.51,199.0,-24.0,77.0,-12.0,-4952.99,3780.64
663,2022-04-25,5070.69,597.02,0.0,135.35,64.04,889.62,1651.74,319.63,617.6,169.87,75.0,-4.0,132.0,-18.0,-4885.63,3750.0
664,2022-04-26,6920.73,703.07,0.0,162.05,77.8,1057.72,2590.21,424.14,417.87,351.52,381.0,-56.0,302.0,-62.0,-5942.25,4490.4
665,2022-04-27,6454.64,565.85,0.0,142.02,42.0,1150.1,2246.77,291.11,685.07,370.05,336.0,-3.0,95.0,-10.0,-5402.1,4077.11
666,2022-04-28,8584.22,971.26,67.8,128.67,117.31,1935.89,2363.62,314.04,742.14,1008.59,112.0,0.0,110.0,-45.0,-7455.71,5746.05
667,2022-04-29,7678.91,581.52,139.08,175.6,84.36,1363.16,2552.36,306.83,748.7,844.53,131.0,-31.0,125.0,-5.0,-7458.62,5858.34
668,2022-04-30,5639.98,736.51,99.9,137.16,89.42,849.31,1367.4,263.58,547.38,885.7,117.0,-4.0,125.0,-65.0,-5253.45,4073.71
669,2022-05-01,5729.79,509.83,0.0,78.42,63.98,1381.52,1979.63,275.82,511.0,273.0,66.0,-40.0,239.0,-111.0,-5575.77,4395.14
670,2022-05-02,5991.04,721.15,0.0,122.31,83.58,1037.72,1999.13,298.19,635.07,436.29,112.0,-2.0,129.0,-110.0,-4926.88,3732.41
671,2022-05-03,5650.02,747.0,92.7,72.77,88.87,1044.38,1695.96,277.04,586.05,298.74,213.0,-4.0,73.0,-24.0,-4550.07,3446.85
672,2022-05-04,5636.52,848.53,0.0,103.07,36.6,787.99,1868.43,193.79,740.02,484.97,100.0,-38.0,157.0,-150.0,-4952.85,3763.22
673,2022-05-05,6134.24,693.13,0.0,146.63,72.05,1361.21,1845.24,227.17,678.13,458.58,71.0,-40.0,257.0,-178.0,-5715.52,4387.78
674,2022-05-06,6549.1,576.22,523.98,164.81,61.03,1294.82,1797.77,336.33,540.62,462.99,199.0,-15.0,40.0,-5.0,-5574.67,4519.85
675,2022-05-07,7016.08,743.63,0.0,169.79,112.45,1372.52,2362.62,269.58,761.8,412.27,113.0,-24.0,280.0,-175.0,-5454.24,3951.07
676,2022-05-08,4959.3,577.97,185.3,129.18,54.44,610.77,1736.61,248.46,561.6,200.76,74.0,-30.0,217.0,-35.0,-4195.99,2923.64
677,2022-05-09,5691.97,688.99,107.7,193.09,23.31,915.6,1786.46,401.04,676.94,246.85,116.0,0.0,75.0,-44.0,-4404.82,3418.39
678,2022-05-10,5937.81,524.44,94.1,119.32,70.89,1008.63,2241.21,262.79,468.28,494.84,95.0,-9.0,125.0,-100.0,-5116.53,3835.99
679,2022-05-11,6677.38,847.91,141.84,154.15,71.6,1449.0,1838.41,260.05,716.1,463.54,209.0,-42.0,132.0,-155.0,-5956.33,4732.27
680,2022-05-12,6695.15,737.72,68.7,141.68,79.94,1258.25,2507.42,212.55,711.11,275.28,49.0,0.0,60.0,0.0,-5265.6,4188.64
681,2022-05-13,7904.24,833.19,197.2,138.73,79.0,1226.47,2296.47,366.86,980.58,944.18,89.0,-20.0,92.0,-34.0,-6623.36,5232.93
682,2022-05-14,7405.19,731.88,0.0,146.26,115.03,1380.93,1851.58,401.62,756.82,1153.91,131.0,-5.0,136.0,-40.0,-6268.43,4999.85
683,2022-05-15,4791.93,475.36,280.5,148.64,138.21,1006.46,1138.1,372.31,629.18,139.89,38.0,0.0,129.0,-58.0,-4044.67,3057.25
684,2022-05-16,5227.22,723.6,116.09,134.52,68.14,1031.87,1437.38,339.03,562.45,260.61,134.0,-5.0,94.0,-16.0,4025.83,3175.0
